SOL_ID,HUB_NAME,BRANCH_NAME,BR_OPN_DATE,CLUSTER_NAME,PROVINCE_NAME,SUB_PROVINCIAL,updated_at
00,Registered Office,Head Office,2020-04-03T00:00:00.000000,Registered Office,Registered Office,Registered Office,59:45.6
01,Bagmati Province,Tripureswor,2020-04-04T00:00:00.000000,Jen Thapa,Province 3,Bagmati 5,59:45.6
02,Koshi Province,Biratnagar,2020-04-05T00:00:00.000000,Smit Thakuri,Province 1,Koshi 1,59:45.6
03,Bagmati Province,Jawalakhel,2020-04-06T00:00:00.000000,Nirvan Khadka,Province 3,Bagmati 8,59:45.6
04,Koshi Province,Itahari,2020-04-07T00:00:00.000000,Abid Shrestha,Province 1,Koshi 2,59:45.6
05,Koshi Province,Ilam,2020-04-08T00:00:00.000000,Nawal Poudel,Province 1,Koshi 3,59:45.6
06,Bagmati Province,New Road,2020-04-09T00:00:00.000000,Saubhagya Dahal,Province 3,Bagmati 1,59:45.6
07,Bagmati Province,Banepa,2020-04-10T00:00:00.000000,Rajababu Timalsina,Province 3,Bagmati 9,59:45.6
08,Bagmati Province,Bhaktapur,2020-04-11T00:00:00.000000,Pranij Poudel,Province 3,Bagmati 4,59:45.6
09,Koshi Province,Birtamode,2020-04-12T00:00:00.000000,Prithivi Dahal,Province 1,Koshi 3,59:45.6
10,Bagmati Province,Kalanki,2020-04-13T00:00:00.000000,Gambheer Karki,Province 3,Bagmati 6,59:45.6
11,Bagmati Province,Chhetrapati,2020-04-14T00:00:00.000000,Suprim Acharya,Province 3,Bagmati 5,59:45.6
12,Bagmati Province,Bode,2020-04-15T00:00:00.000000,Srijeet Neupane,Province 3,Bagmati 4,59:45.6
13,Bagmati Province,Maharajgunj,2020-04-16T00:00:00.000000,Sanjita Limbu,Province 3,Bagmati 3,59:45.6
14,Bagmati Province,Narayangarh,2020-04-17T00:00:00.000000,Drrajendra Neupane,Province 3,Bagmati 2,59:45.6
15,Lumbini Province,Butwal,2020-04-18T00:00:00.000000,Hrisheekesh Bhandari,Province 5,Lumbini 4,59:45.6
16,Gandaki Province,Mahendrapool,2020-04-19T00:00:00.000000,Hansha Gurung,Province 4,Gandaki 1,59:45.6
17,Bagmati Province,Samakhushi,2020-04-20T00:00:00.000000,Surojan Lama,Province 3,Bagmati 3,59:45.6
18,Bagmati Province,Boudha,2020-04-21T00:00:00.000000,Buddhiraj Tamang,Province 3,Bagmati 4,59:45.6
19,Bagmati Province,Bagbazar,2020-04-22T00:00:00.000000,Shiva Magar,Province 3,Bagmati 1,59:45.6
20,Lumbini Province,Nepalgunj,2020-04-23T00:00:00.000000,Prabidhi Karki,Province 5,Lumbini 6,59:45.6
21,Bagmati Province,Kausaltar,2020-04-24T00:00:00.000000,Tshetish Sharma,Province 3,Bagmati 4,59:45.6
22,Madhesh Province,Birgunj,2020-04-25T00:00:00.000000,Humacanta Magar,Province 2,Madhesh 1,59:45.6
23,Koshi Province,DharanMB,2020-04-26T00:00:00.000000,Poojan Tamang,Province 1,Koshi 5,59:45.6
24,Sudurpaschim Province,Mahendranagar,2020-04-27T00:00:00.000000,Aavaas Limbu,Province 7,Dhangadhi,59:45.6
25,Sudurpaschim Province,Dhangadhi - Hospital Line,2020-04-28T00:00:00.000000,Duman Bhandari,Province 7,Dhangadhi,59:45.6
26,Bagmati Province,Gwarko,2020-04-29T00:00:00.000000,Timilsina Pandey,Province 3,Bagmati 6,59:45.6
27,Bagmati Province,Khumaltar,2020-04-30T00:00:00.000000,Srija Rai,Province 3,Bagmati 8,59:45.6
28,Bagmati Province,Sukedhara,2020-05-01T00:00:00.000000,Bashuki Karki,Province 3,Bagmati 3,59:45.6
29,Bagmati Province,Dillibazar,2020-05-02T00:00:00.000000,Iwan Shrestha,Province 3,Bagmati 5,59:45.6
30,Bagmati Province,New Road Bishal Bazar,2020-05-03T00:00:00.000000,Talaz Magar,Province 3,Bagmati 1,59:45.6
31,Madhesh Province,Janakpur,2020-05-04T00:00:00.000000,Hemraj Thapa,Province 2,Madhesh 5,59:45.6
32,Bagmati Province,Kamaladi,2020-05-05T00:00:00.000000,Bhavindra Lama,Province 3,Bagmati 1,59:45.6
33,Bagmati Province,Pulchowk,2020-05-06T00:00:00.000000,Vawesh Thakuri,Province 3,Bagmati 8,59:45.6
34,Koshi Province,Damak,2020-05-07T00:00:00.000000,Sanju Magar,Province 1,Koshi 4,59:45.6
35,Karnali Province,Surkhet,2020-05-08T00:00:00.000000,Bandana Bhandari,Province 6,Surkhet,59:45.6
36,Madhesh Province,Lahan,2020-05-09T00:00:00.000000,Shirish Karki,Province 2,Madhesh 6,59:45.6
37,Bagmati Province,Battisputali,2020-05-10T00:00:00.000000,Samarpan Karki,Province 3,Bagmati 7,59:45.6
38,Sudurpaschim Province,Dhangadi Chauraha,2020-05-11T00:00:00.000000,Dikpal Regmi,Province 7,Dhangadhi,59:45.6
39,Bagmati Province,Kirtipur,2020-05-12T00:00:00.000000,Shrikumar Tamang,Province 3,Bagmati 6,59:45.6
40,Koshi Province,Gaighat,2020-05-13T00:00:00.000000,Nawraj Yadav,Province 1,Koshi 5,59:45.6
41,Bagmati Province,Saatdobato,2020-05-14T00:00:00.000000,Prakhal Yadav,Province 3,Bagmati 8,59:45.6
42,Madhesh Province,Malangawa,2020-05-15T00:00:00.000000,Pramil Karki,Province 2,Madhesh 4,59:45.6
43,Bagmati Province,Teku,2020-05-16T00:00:00.000000,Posraj Limbu,Province 3,Bagmati 5,59:45.6
44,Bagmati Province,Pepsicola,2020-05-17T00:00:00.000000,Sunanda Magar,Province 3,Bagmati 4,59:45.6
45,Madhesh Province,Hariwon,2020-05-18T00:00:00.000000,Suk Limbu,Province 2,Madhesh 4,59:45.6
46,Madhesh Province,Gaur,2020-05-19T00:00:00.000000,Swechchha Timalsina,Province 2,Madhesh 1,59:45.6
47,Bagmati Province,Thankot,2020-05-20T00:00:00.000000,Prasanga Lama,Province 3,Bagmati 6,59:45.6
48,Bagmati Province,Thamel,2020-05-21T00:00:00.000000,Jayson Limbu,Province 3,Bagmati 5,59:45.6
49,Bagmati Province,New Baneshwor,2020-05-22T00:00:00.000000,Girijesh Pandey,Province 3,Bagmati 7,59:45.6
50,Lumbini Province,Arghakhanchi,2020-05-23T00:00:00.000000,Suchitra Thapa,Province 5,Lumbini 2,59:45.6
51,Lumbini Province,Lamahi,2020-05-24T00:00:00.000000,Dhirendra Timalsina,Province 5,Lumbini 6,59:45.6
52,Madhesh Province,Siraha,2020-05-25T00:00:00.000000,Shashindra Magar,Province 2,Madhesh 6,59:45.6
53,Bagmati Province,Panchakanya,2020-05-26T00:00:00.000000,Poshan Bhattarai,Province 3,Bagmati 8,59:45.6
54,Bagmati Province,Corporate Office Branch,2020-05-27T00:00:00.000000,Praswish Dahal,Province 3,Bagmati 1,59:45.6
55,Bagmati Province,Balaju,2020-05-28T00:00:00.000000,Adarsh Bhattarai,Province 3,Bagmati 4,59:45.6
56,Koshi Province,Biratchowk,2020-05-29T00:00:00.000000,Kalyan Dahal,Province 1,Koshi 2,59:45.6
57,Gandaki Province,Damauli,2020-05-30T00:00:00.000000,Durlabh Limbu,Province 4,Gandaki 3,59:45.6
58,Madhesh Province,Kalaiya,2020-05-31T00:00:00.000000,Ramprawesh Timalsina,Province 2,Madhesh 1,59:45.6
59,Lumbini Province,Kohalpur,2020-06-01T00:00:00.000000,Chumakanta Adhikari,Province 5,Lumbini 6,59:45.6
60,Bagmati Province,Kapan,2020-06-02T00:00:00.000000,Akshar Rana,Province 3,Bagmati 3,59:45.6
61,Lumbini Province,Bhairahawa,2020-06-03T00:00:00.000000,Yogeshwar Lama,Province 5,Lumbini 1,59:45.6
62,Gandaki Province,Waling,2020-06-04T00:00:00.000000,Sakhil Karki,Province 4,Gandaki 1,59:45.6
63,Bagmati Province,Lazimpat,2020-06-05T00:00:00.000000,Bajrangi Sharma,Province 3,Bagmati 5,59:45.6
64,Bagmati Province,Golfutar,2020-06-06T00:00:00.000000,Mikma Maharjan,Province 3,Bagmati 3,59:45.6
65,Lumbini Province,Tulsipur,2020-06-07T00:00:00.000000,Sammriddha Thapa,Province 5,Lumbini 6,59:45.6
66,Madhesh Province,Mirchaiya,2020-06-08T00:00:00.000000,Anoj Rana,Province 2,Madhesh 3,59:45.6
67,Koshi Province,Chandragadi,2020-06-09T00:00:00.000000,Avineak Dahal,Province 1,Koshi 3,59:45.6
68,Bagmati Province,Hetauda,2020-06-10T00:00:00.000000,Keith Khadka,Province 3,Bagmati 2,59:45.6
69,Koshi Province,Puspalal Chowk,2020-06-11T00:00:00.000000,Rajoj Lama,Province 1,Koshi 1,59:45.6
70,Bagmati Province,Battar,2020-06-12T00:00:00.000000,Dorkaji Poudel,Province 3,Bagmati 8,59:45.6
71,Sudurpaschim Province,Attariya,2020-06-13T00:00:00.000000,Sarveshwar Pandey,Province 7,Dhangadhi,59:45.6
72,Koshi Province,Urlabari,2020-06-14T00:00:00.000000,Miraj Shrestha,Province 1,Koshi 4,59:45.6
73,Gandaki Province,Lekhnath,2020-06-15T00:00:00.000000,Kesav Magar,Province 4,Gandaki 1,59:45.6
74,Gandaki Province,Baglung,2020-06-16T00:00:00.000000,Karna Maharjan,Province 4,Gandaki 2,59:45.6
75,Gandaki Province,Birauta,2020-06-17T00:00:00.000000,Sachitanand Shrestha,Province 4,Gandaki 1,59:45.6
76,Gandaki Province,Kawasoti,2020-06-18T00:00:00.000000,Arnold Bhandari,Province 4,Gandaki 4,59:45.6
77,Gandaki Province,Daldale,2020-06-19T00:00:00.000000,Neku Yadav,Province 4,Gandaki 4,59:45.6
78,Koshi Province,Phidim,2020-06-20T00:00:00.000000,Novel Regmi,Province 1,Koshi 3,59:45.6
79,Gandaki Province,Kushma,2020-06-21T00:00:00.000000,Amoda Thakuri,Province 4,Gandaki 2,59:45.6
80,Madhesh Province,Jeetpur,2020-06-22T00:00:00.000000,Roshan Lama,Province 2,Madhesh 1,59:45.6
81,Karnali Province,Mugu,2020-06-23T00:00:00.000000,Shahadev Neupane,Province 6,Surkhet,59:45.6
82,Karnali Province,Kalikot,2020-06-24T00:00:00.000000,Pushp Bhandari,Province 6,Surkhet,59:45.6
83,Lumbini Province,Bardaghat,2020-06-25T00:00:00.000000,Arati Bhandari,Province 5,Lumbini 5,59:45.6
84,Koshi Province,Pathari,2020-06-26T00:00:00.000000,Parivesh Yadav,Province 1,Koshi 4,59:45.6
85,Koshi Province,Budhabare,2020-06-27T00:00:00.000000,Rishan Limbu,Province 1,Koshi 3,59:45.6
86,Sudurpaschim Province,Lamki,2020-06-28T00:00:00.000000,Namnit Maharjan,Province 7,Dhangadhi,59:45.6
87,Koshi Province,Gauradaha,2020-06-29T00:00:00.000000,Loken Neupane,Province 1,Koshi 4,59:45.6
88,Koshi Province,Hile,2020-06-30T00:00:00.000000,Kshetraphal Neupane,Province 1,Koshi 6,59:45.6
89,Koshi Province,Jhumka,2020-07-01T00:00:00.000000,Sovas Shrestha,Province 1,Koshi 2,59:45.6
90,Lumbini Province,Tansen,2020-07-02T00:00:00.000000,Lalitya Rana,Province 5,Lumbini 4,59:45.6
91,Sudurpaschim Province,Tikapur,2020-07-03T00:00:00.000000,Awadesh Dahal,Province 7,Dhangadhi,59:45.6
92,Lumbini Province,Ghorahi,2020-07-04T00:00:00.000000,Dayahang Limbu,Province 5,Lumbini 6,59:45.6
93,Lumbini Province,Sau Pharsatikar,2020-07-05T00:00:00.000000,Tanbir Limbu,Province 5,Lumbini 3,59:45.6
94,Lumbini Province,Dhakdhahi,2020-07-06T00:00:00.000000,Kedil Adhikari,Province 5,Lumbini 1,59:45.6
95,Sudurpaschim Province,Bauniya,2020-07-07T00:00:00.000000,Samya Maharjan,Province 7,Dhangadhi,59:45.6
96,Lumbini Province,Bhumahi,2020-07-08T00:00:00.000000,Yusna Magar,Province 5,Lumbini 5,59:45.6
97,Lumbini Province,Bansgadhi,2020-07-09T00:00:00.000000,Barkha Thapa,Province 5,Lumbini 6,59:45.6
98,Bagmati Province,Parsa,2020-07-10T00:00:00.000000,Sampanna Maharjan,Province 3,Bagmati 2,59:45.6
99,Lumbini Province,Ribdikot Branch,2020-07-11T00:00:00.000000,Bishwajeet Sharma,Province 5,Lumbini 4,59:45.6
A0,Gandaki Province,New Road-Pokhara,2020-07-12T00:00:00.000000,Rajeen Limbu,Province 4,Gandaki 1,59:45.6
A1,Bagmati Province,Tandi,2020-07-13T00:00:00.000000,Nitish Poudel,Province 3,Bagmati 2,59:45.6
A2,Gandaki Province,Lakeside-Pokhara,2020-07-14T00:00:00.000000,Vivid Thapa,Province 4,Gandaki 1,59:45.6
A3,Gandaki Province,Dulegauda,2020-07-15T00:00:00.000000,Sanjeeta Khadka,Province 4,Gandaki 3,59:45.6
A4,Bagmati Province,Hakim Chowk,2020-07-16T00:00:00.000000,Ramashankar Neupane,Province 3,Bagmati 2,59:45.6
A5,Lumbini Province,Manigram,2020-07-17T00:00:00.000000,Hina Thapa,Province 5,Lumbini 1,59:45.6
A6,Gandaki Province,Nayapool,2020-07-18T00:00:00.000000,Yunik Khadka,Province 4,Gandaki 2,59:45.6
A7,Gandaki Province,Bhimad,2020-07-19T00:00:00.000000,Rocky Bhandari,Province 4,Gandaki 3,59:45.6
A8,Koshi Province,Duhabi,2020-07-20T00:00:00.000000,Krishal Dahal,Province 1,Koshi 1,59:45.6
A9,Lumbini Province,Saljhandi,2020-07-21T00:00:00.000000,Khuman Karki,Province 5,Lumbini 2,59:45.6
AA,Lumbini Province,Dipnagar,2020-07-22T00:00:00.000000,Shamser Rana,Province 5,Lumbini 3,59:45.6
B0,Lumbini Province,Rudrapur,2020-07-23T00:00:00.000000,Rajjan Dahal,Province 5,Lumbini 3,59:45.6
B1,Lumbini Province,Khajura,2020-07-24T00:00:00.000000,Samriddha Timalsina,Province 5,Lumbini 6,59:45.6
B2,Lumbini Province,Magragadhi,2020-07-25T00:00:00.000000,Kasindra Limbu,Province 5,Lumbini 6,59:45.6
B3,Sudurpaschim Province,Bajhang,2020-07-26T00:00:00.000000,Shreejal Thapa,Province 7,Dhangadhi,59:45.6
B4,Sudurpaschim Province,Bajura,2020-07-27T00:00:00.000000,Bishweshwar Tamang,Province 7,Dhangadhi,59:45.6
B5,Sudurpaschim Province,Darchula,2020-07-28T00:00:00.000000,Abhimanu Lama,Province 7,Dhangadhi,59:45.6
B6,Koshi Province,Bhojpur,2020-07-29T00:00:00.000000,Siraj Bhattarai,Province 1,Koshi 6,59:45.6
B7,Koshi Province,Okhaldhunga,2020-07-30T00:00:00.000000,Divyamani Bhattarai,Province 1,Koshi 5,59:45.6
B8,Karnali Province,Jajarkot,2020-07-31T00:00:00.000000,Rupsen Lama,Province 6,Surkhet,59:45.6
B9,Karnali Province,Rukum,2020-08-01T00:00:00.000000,Shiwasreet Yadav,Province 6,Surkhet,59:45.6
C0,Karnali Province,Jumla,2020-08-02T00:00:00.000000,Bakhat Yadav,Province 6,Surkhet,59:45.6
C1,Madhesh Province,Bardibas,2020-08-03T00:00:00.000000,Tapaeshwar Bhandari,Province 2,Madhesh 3,59:45.6
C2,Bagmati Province,Charikot,2020-08-04T00:00:00.000000,Aatma Thapa,Province 3,Bagmati 9,59:45.6
C3,Sudurpaschim Province,Joshipur,2020-08-05T00:00:00.000000,Ghisiawan Dahal,Province 7,Dhangadhi,59:45.6
C4,Madhesh Province,Chandranigahapur,2020-08-06T00:00:00.000000,Ramanuj Maharjan,Province 2,Madhesh 2,59:45.6
C5,Bagmati Province,Sindhuli,2020-08-07T00:00:00.000000,Shiv Bhandari,Province 3,Bagmati 9,59:45.6
C6,Sudurpaschim Province,Pahalmanpur,2020-08-08T00:00:00.000000,Masihuddin Karki,Province 7,Dhangadhi,59:45.6
C7,Lumbini Province,Jumri,2020-08-09T00:00:00.000000,Dip Limbu,Province 5,Lumbini 6,59:45.6
C8,Koshi Province,Kerabari,2020-08-10T00:00:00.000000,Samridha Neupane,Province 1,Koshi 2,59:45.6
C9,Koshi Province,Dhulabari,2020-08-11T00:00:00.000000,Tasi Karki,Province 1,Koshi 3,59:45.6
D0,Koshi Province,Kakarvitta,2020-08-12T00:00:00.000000,Takdir Timalsina,Province 1,Koshi 3,59:45.6
D1,Koshi Province,Jhiljhile,2020-08-13T00:00:00.000000,Lakshmi Neupane,Province 1,Koshi 4,59:45.6
D2,Koshi Province,Tarahara,2020-08-14T00:00:00.000000,Nixon Neupane,Province 1,Koshi 2,59:45.6
D3,Koshi Province,Ramailo,2020-08-15T00:00:00.000000,Tularam Lama,Province 1,Koshi 4,59:45.6
D4,Madhesh Province,Naraha,2020-08-16T00:00:00.000000,Dependra Pandey,Province 2,Madhesh 6,59:45.6
D5,Madhesh Province,Tinkauriya,2020-08-17T00:00:00.000000,Bikku Lama,Province 2,Madhesh 5,59:45.6
D6,Madhesh Province,Loharpatti,2020-08-18T00:00:00.000000,Babita Adhikari,Province 2,Madhesh 5,59:45.6
D7,Madhesh Province,Kabilasi,2020-08-19T00:00:00.000000,Nischit Timalsina,Province 2,Madhesh 4,59:45.6
D8,Madhesh Province,Haripurwa,2020-08-20T00:00:00.000000,Basanta Tamang,Province 2,Madhesh 3,59:45.6
D9,Madhesh Province,Bankul Bazar,2020-08-21T00:00:00.000000,Prasant Timalsina,Province 2,Madhesh 5,59:45.6
E0,Madhesh Province,Langadi,2020-08-22T00:00:00.000000,Parasmani Adhikari,Province 2,Madhesh 1,59:45.6
E1,Madhesh Province,Samsi,2020-08-23T00:00:00.000000,Ronit Karki,Province 2,Madhesh 3,59:45.6
E2,Madhesh Province,Bhagwanpur,2020-08-24T00:00:00.000000,Shriram Adhikari,Province 2,Madhesh 6,59:45.6
E3,Lumbini Province,Bhalwari,2020-08-25T00:00:00.000000,Khyam Magar,Province 5,Lumbini 1,59:45.6
E4,Gandaki Province,Aabukhaireni,2020-08-26T00:00:00.000000,Ayash Gurung,Province 4,Gandaki 3,59:45.6
E5,Bagmati Province,Dhadingbesi,2020-08-27T00:00:00.000000,Jiten Bhandari,Province 3,Bagmati 8,59:45.6
E6,Gandaki Province,Dumre,2020-08-28T00:00:00.000000,Keron Regmi,Province 4,Gandaki 3,59:45.6
E7,Gandaki Province,Gorkha,2020-08-29T00:00:00.000000,Yaju Rai,Province 4,Gandaki 3,59:45.6
E8,Gandaki Province,Beshisahar,2020-08-30T00:00:00.000000,Chhakka Rai,Province 4,Gandaki 3,59:45.6
E9,Gandaki Province,Amrapuri,2020-08-31T00:00:00.000000,Kishore Tamang,Province 4,Gandaki 4,59:45.6
F0,Lumbini Province,Shankarpur,2020-09-01T00:00:00.000000,Kritan Sharma,Province 5,Lumbini 5,59:45.6
F1,Lumbini Province,Kothihawa,2020-09-02T00:00:00.000000,Jageshwor Tamang,Province 5,Lumbini 1,59:45.6
F2,Lumbini Province,Buddhachowk,2020-09-03T00:00:00.000000,Nawnit Yadav,Province 5,Lumbini 1,59:45.6
F3,Lumbini Province,Gopigunj,2020-09-04T00:00:00.000000,Kshityz Khadka,Province 5,Lumbini 5,59:45.6
F4,Gandaki Province,Dumkibas,2020-09-05T00:00:00.000000,Orzoraj Maharjan,Province 4,Gandaki 4,59:45.6
F5,Gandaki Province,Arunkhola,2020-09-06T00:00:00.000000,Grishma Sharma,Province 4,Gandaki 4,59:45.6
F6,Lumbini Province,Khaireni,2020-09-07T00:00:00.000000,Srawan Pandey,Province 5,Lumbini 3,59:45.6
F7,Lumbini Province,Murgiya,2020-09-08T00:00:00.000000,Kaviraj Thakuri,Province 5,Lumbini 2,59:45.6
F8,Lumbini Province,Jitpur 4 num,2020-09-09T00:00:00.000000,Bibisha Regmi,Province 5,Lumbini 2,59:45.6
F9,Lumbini Province,Imiliya,2020-09-10T00:00:00.000000,Aazad Rai,Province 5,Lumbini 2,59:45.6
G0,Lumbini Province,Manigram 4 num,2020-09-11T00:00:00.000000,Aakish Gurung,Province 5,Lumbini 1,59:45.6
G1,Lumbini Province,Bhurigaun,2020-09-12T00:00:00.000000,Jugesh Bhandari,Province 5,Lumbini 6,59:45.6
G2,Bagmati Province,Gothatar,2020-09-13T00:00:00.000000,Ajib Thapa,Province 3,Bagmati 4,59:45.6
G3,Bagmati Province,Manamaiju,2020-09-14T00:00:00.000000,Nimoh Sharma,Province 3,Bagmati 3,59:45.6
G4,Bagmati Province,Sitapaila,2020-09-15T00:00:00.000000,Aftab Poudel,Province 3,Bagmati 7,59:45.6
G5,Bagmati Province,Tokha,2020-09-16T00:00:00.000000,Anindya Karki,Province 3,Bagmati 3,59:45.6
G6,Bagmati Province,Bhaisepati,2020-09-17T00:00:00.000000,Raktim Thakuri,Province 3,Bagmati 6,59:45.6
G7,Bagmati Province,Bhimphedi,2020-09-18T00:00:00.000000,Christopher Acharya,Province 3,Bagmati 2,59:45.6
G8,Bagmati Province,Thali,2020-09-19T00:00:00.000000,Bhumi Lama,Province 3,Bagmati 4,59:45.6
G9,Bagmati Province,Duwakot,2020-09-20T00:00:00.000000,Sushan Pandey,Province 3,Bagmati 4,59:45.6
H0,Bagmati Province,Balkot,2020-09-21T00:00:00.000000,Saman Pandey,Province 3,Bagmati 4,59:45.6
H1,Bagmati Province,Purano Thimi,2020-09-22T00:00:00.000000,Shahil Bhattarai,Province 3,Bagmati 4,59:45.6
H2,Bagmati Province,Satungal,2020-09-23T00:00:00.000000,Probin Karki,Province 3,Bagmati 7,59:45.6
H3,Bagmati Province,Dhulikhel,2020-09-24T00:00:00.000000,Dharmachandra Shrestha,Province 3,Bagmati 9,59:45.6
H4,Bagmati Province,Panchkhal,2020-09-25T00:00:00.000000,Wrishav Rana,Province 3,Bagmati 9,59:45.6
H5,Bagmati Province,Manahari,2020-09-26T00:00:00.000000,Amarjeet Acharya,Province 3,Bagmati 2,59:45.6
H6,Lumbini Province,Pakadi,2020-09-27T00:00:00.000000,Bom Gurung,Province 5,Lumbini 2,59:45.6
H7,Bagmati Province,Mahalaxmi Lalitpur,2020-09-28T00:00:00.000000,Yadab Dahal,Province 3,Bagmati 6,59:45.6
H8,Sudurpaschim Province,Dipayal,2020-09-29T00:00:00.000000,Bodh Neupane,Province 7,Dhangadhi,59:45.6
H9,Gandaki Province,Gaidakot,2020-09-30T00:00:00.000000,Sugal Regmi,Province 4,Gandaki 4,59:45.6
I0,Lumbini Province,Driver tole,2020-10-01T00:00:00.000000,Aljina Poudel,Province 5,Lumbini 3,59:45.6
I1,Gandaki Province,Naudanda,2020-10-02T00:00:00.000000,Jaydeep Poudel,Province 4,Gandaki 2,59:45.6
I2,Bagmati Province,Geetanagar,2020-10-03T00:00:00.000000,Khum Rai,Province 3,Bagmati 2,59:45.6
I3,Bagmati Province,Khanikhola,2020-10-04T00:00:00.000000,Tejendra Tamang,Province 3,Bagmati 6,59:45.6
I4,Bagmati Province,Gajuri,2020-10-05T00:00:00.000000,Prasad Karki,Province 3,Bagmati 8,59:45.6
I5,Sudurpaschim Province,Bedkot,2020-10-06T00:00:00.000000,Kreeti Acharya,Province 7,Dhangadhi,59:45.6
I6,Sudurpaschim Province,Dadeldhura,2020-10-07T00:00:00.000000,Sougat Limbu,Province 7,Dhangadhi,59:45.6
I7,Lumbini Province,Ram Mandir- Butwal,2020-10-08T00:00:00.000000,Madan Thakuri,Province 5,Lumbini 4,59:45.6
I8,Lumbini Province,Tribhuwan Chowk,2020-10-09T00:00:00.000000,Jagdishwor Thapa,Province 5,Lumbini 6,59:45.6
I9,Lumbini Province,Rajmarga Chauraha,2020-10-10T00:00:00.000000,Prayag Dahal,Province 5,Lumbini 3,59:45.6
J0,Sudurpaschim Province,Punarbas,2020-10-11T00:00:00.000000,Rabison Limbu,Province 7,Dhangadhi,59:45.6
J1,Bagmati Province,Mahadevbesi,2020-10-12T00:00:00.000000,Bishwanand Yadav,Province 3,Bagmati 6,59:45.6
J2,Bagmati Province,Dharke,2020-10-13T00:00:00.000000,Biswok Sharma,Province 3,Bagmati 6,59:45.6
J3,Bagmati Province,Betrawati,2020-10-14T00:00:00.000000,Vishan Neupane,Province 3,Bagmati 8,59:45.6
J4,Bagmati Province,Khadichaur,2020-10-15T00:00:00.000000,Joram Rana,Province 3,Bagmati 9,59:45.6
J5,Bagmati Province,Trishuli,2020-10-16T00:00:00.000000,Thaman Neupane,Province 3,Bagmati 8,59:45.6
J6,Lumbini Province,Parasi,2020-10-17T00:00:00.000000,Drona Yadav,Province 5,Lumbini 5,59:45.6
J7,Lumbini Province,Taulihawa,2020-10-18T00:00:00.000000,Kaushtup Yadav,Province 5,Lumbini 2,59:45.6
J8,Lumbini Province,Lumbini,2020-10-19T00:00:00.000000,Sarif Khadka,Province 5,Lumbini 1,59:45.6
J9,Lumbini Province,Labani,2020-10-20T00:00:00.000000,Mdmazammil Timalsina,Province 5,Lumbini 2,59:45.6
K0,Lumbini Province,Tamghas,2020-10-21T00:00:00.000000,Tulshi Tamang,Province 5,Lumbini 4,59:45.6
K1,Lumbini Province,Majhgawa,2020-10-22T00:00:00.000000,Him Bhandari,Province 5,Lumbini 1,59:45.6
K2,Koshi Province,Jhapa Bazar,2020-10-23T00:00:00.000000,Manoj Dahal,Province 1,Koshi 4,59:45.6
K3,Koshi Province,Kechana Kawal,2020-10-24T00:00:00.000000,Bikru Timalsina,Province 1,Koshi 3,59:45.6
K4,Koshi Province,Sanischare,2020-10-25T00:00:00.000000,Anmol Magar,Province 1,Koshi 3,59:45.6
K5,Bagmati Province,Galchhi,2020-10-26T00:00:00.000000,Basista Sharma,Province 3,Bagmati 8,59:45.6
K6,Lumbini Province,Sunwal,2020-10-27T00:00:00.000000,Swotantra Poudel,Province 5,Lumbini 5,59:45.6
K7,Madhesh Province,Bagmati,2020-10-28T00:00:00.000000,Muna Gurung,Province 2,Madhesh 4,59:45.6
K8,Madhesh Province,Barathawa,2020-10-29T00:00:00.000000,Hritik Gurung,Province 2,Madhesh 4,59:45.6
K9,Lumbini Province,Chandrauta,2020-10-30T00:00:00.000000,Bimanchal Shrestha,Province 5,Lumbini 2,59:45.6
L0,Koshi Province,Surunga,2020-10-31T00:00:00.000000,Kandel Poudel,Province 1,Koshi 3,59:45.6
L1,Koshi Province,Charpane,2020-11-01T00:00:00.000000,Diwos Acharya,Province 1,Koshi 3,59:45.6
L2,Lumbini Province,Shisahaniya,2020-11-02T00:00:00.000000,Ashisi Dahal,Province 5,Lumbini 6,59:45.6
L3,Koshi Province,Gaurigunj,2020-11-03T00:00:00.000000,Awiskar Dahal,Province 1,Koshi 4,59:45.6
L4,Koshi Province,Biratnagar Main Road,2020-11-04T00:00:00.000000,Baidehi Shrestha,Province 1,Koshi 1,59:45.6
L5,Koshi Province,Baikunthe,2020-11-05T00:00:00.000000,Agaman Yadav,Province 1,Koshi 6,59:45.6
L6,Madhesh Province,Viswa,2020-11-06T00:00:00.000000,Sixit Shrestha,Province 2,Madhesh 1,59:45.6
L7,Madhesh Province,Gujara Nagarpalika,2020-11-07T00:00:00.000000,Smith Bhandari,Province 2,Madhesh 2,59:45.6
L8,Lumbini Province,Piprahawa Chowk,2020-11-08T00:00:00.000000,Bhimarjun Yadav,Province 5,Lumbini 6,59:45.6
L9,Lumbini Province,Milan Chowk,2020-11-09T00:00:00.000000,Sharwan Yadav,Province 5,Lumbini 6,59:45.6
M0,Lumbini Province,Samjhana Chowk,2020-11-10T00:00:00.000000,Deepen Dahal,Province 5,Lumbini 6,59:45.6
M1,Lumbini Province,Jangrawa,2020-11-11T00:00:00.000000,Ananta Rana,Province 5,Lumbini 6,59:45.6
M2,Madhesh Province,Pheta,2020-11-12T00:00:00.000000,Baikuntha Tamang,Province 2,Madhesh 1,59:45.6
M3,Koshi Province,Belbari,2020-11-13T00:00:00.000000,Ujjwan Thakuri,Province 1,Koshi 2,59:45.6
M4,Koshi Province,Letang,2020-11-14T00:00:00.000000,Susmriti Gurung,Province 1,Koshi 4,59:45.6
M5,Bagmati Province,Sankhamul,2020-11-15T00:00:00.000000,Jibakant Pandey,Province 3,Bagmati 7,59:45.6
M6,Koshi Province,Baliya,2020-11-16T00:00:00.000000,Khoma Tamang,Province 1,Koshi 2,59:45.6
M7,Koshi Province,Myanglung,2020-11-17T00:00:00.000000,Suyash Dahal,Province 1,Koshi 6,59:45.6
M8,Koshi Province,Manebhanjyang,2020-11-18T00:00:00.000000,Ruchika Timalsina,Province 1,Koshi 6,59:45.6
M9,Koshi Province,Dingla,2020-11-19T00:00:00.000000,Ramshohag Regmi,Province 1,Koshi 6,59:45.6
N0,Koshi Province,Roadcess Chowk,2020-11-20T00:00:00.000000,Sadrish Poudel,Province 1,Koshi 1,59:45.6
N1,Madhesh Province,Jagarnathpur,2020-11-21T00:00:00.000000,Shreeyans Limbu,Province 2,Madhesh 1,59:45.6
N2,Madhesh Province,Saghara,2020-11-22T00:00:00.000000,Deshmuka Thapa,Province 2,Madhesh 5,59:45.6
N3,Madhesh Province,Tiruhat,2020-11-23T00:00:00.000000,Aanand Thapa,Province 2,Madhesh 6,59:45.6
N4,Gandaki Province,Krishi,2020-11-24T00:00:00.000000,Lumani Dahal,Province 4,Gandaki 1,59:45.6
N5,Karnali Province,Dallibazar,2020-11-25T00:00:00.000000,Anis Poudel,Province 6,Surkhet,59:45.6
N6,Madhesh Province,Mahadewa,2020-11-26T00:00:00.000000,Bishodeep Dahal,Province 2,Madhesh 6,59:45.6
N7,Madhesh Province,Chakraghatta,2020-11-27T00:00:00.000000,Gyawali Rai,Province 2,Madhesh 4,59:45.6
N8,Madhesh Province,Rajbiraj,2020-11-28T00:00:00.000000,Anshumalee Sharma,Province 2,Madhesh 6,59:45.6
N9,Madhesh Province,Golbazar,2020-11-29T00:00:00.000000,Thumb Gurung,Province 2,Madhesh 6,59:45.6
O0,Lumbini Province,Belbas,2020-11-30T00:00:00.000000,Harak Dahal,Province 5,Lumbini 4,59:45.6
O1,Madhesh Province,Garuda,2020-12-01T00:00:00.000000,Niramal Neupane,Province 2,Madhesh 2,59:45.6
O2,Madhesh Province,Lalbandi,2020-12-02T00:00:00.000000,Gobardhan Yadav,Province 2,Madhesh 3,59:45.6
O3,Koshi Province,Inaruwa,2020-12-03T00:00:00.000000,Sasmit Karki,Province 1,Koshi 2,59:45.6
O4,Koshi Province,Prakashpur,2020-12-04T00:00:00.000000,Anurag Bhandari,Province 1,Koshi 2,59:45.6
O5,Koshi Province,Rani Mills Area,2020-12-05T00:00:00.000000,Amber Rana,Province 1,Koshi 1,59:45.6
O6,Koshi Province,Birta Bazar,2020-12-06T00:00:00.000000,Abhishes Gurung,Province 1,Koshi 3,59:45.6
O7,Koshi Province,Falgunanda Chowk,2020-12-07T00:00:00.000000,Achalshail Rai,Province 1,Koshi 4,59:45.6
O8,Bagmati Province,Chabahil,2020-12-08T00:00:00.000000,Aaditya Poudel,Province 3,Bagmati 4,59:45.6
O9,Bagmati Province,Koteshwor,2020-12-09T00:00:00.000000,Salman Rai,Province 3,Bagmati 7,59:45.6
P0,Bagmati Province,Sorhakhutte,2020-12-10T00:00:00.000000,Newton Thakuri,Province 3,Bagmati 5,59:45.6
P1,Bagmati Province,Sauraha,2020-12-11T00:00:00.000000,Shanker Lama,Province 3,Bagmati 2,59:45.6
P2,Koshi Province,Haat Khola,2020-12-12T00:00:00.000000,Thagendra Bhattarai,Province 1,Koshi 1,59:45.6
P3,Koshi Province,Dhankuta,2020-12-13T00:00:00.000000,David Regmi,Province 1,Koshi 6,59:45.6
P4,Koshi Province,Pachruki,2020-12-14T00:00:00.000000,Nam Magar,Province 1,Koshi 2,59:45.6
P5,Koshi Province,Damak Chowk,2020-12-15T00:00:00.000000,Sharbajit Bhattarai,Province 1,Koshi 4,59:45.6
P6,Lumbini Province,Devinagar,2020-12-16T00:00:00.000000,Poba Thakuri,Province 5,Lumbini 3,59:45.6
P7,Gandaki Province,Budhibazar,2020-12-17T00:00:00.000000,Prajaya Poudel,Province 4,Gandaki 1,59:45.6
P8,Gandaki Province,Bagar,2020-12-18T00:00:00.000000,Ijhar Regmi,Province 4,Gandaki 2,59:45.6
P9,Gandaki Province,Bajhapatan,2020-12-19T00:00:00.000000,Chayan Regmi,Province 4,Gandaki 1,59:45.6
Q0,Gandaki Province,Parsyang,2020-12-20T00:00:00.000000,Shayam Karki,Province 4,Gandaki 2,59:45.6
Q1,Gandaki Province,Powerhouse Chowk-Kaski,2020-12-21T00:00:00.000000,Sarvendra Regmi,Province 4,Gandaki 3,59:45.6
Q2,Gandaki Province,Amarsingh Chowk,2020-12-22T00:00:00.000000,Shreejan Yadav,Province 4,Gandaki 1,59:45.6
Q3,Madhesh Province,Linkroad,2020-12-23T00:00:00.000000,Bishrant Sharma,Province 2,Madhesh 1,59:45.6
Q4,Bagmati Province,Baseni,2020-12-24T00:00:00.000000,Nandeshwor Regmi,Province 3,Bagmati 2,59:45.6
Q5,Madhesh Province,Nijgadh,2020-12-25T00:00:00.000000,Avilash Pandey,Province 2,Madhesh 2,59:45.6
Q6,Bagmati Province,Chanauli,2020-12-26T00:00:00.000000,Yoman Bhattarai,Province 3,Bagmati 2,59:45.6
Q7,Madhesh Province,Powerhouse Chowk-Birgunj,2020-12-27T00:00:00.000000,Shanshray Lama,Province 2,Madhesh 1,59:45.6
Q8,Koshi Province,Katari,2020-12-28T00:00:00.000000,Aawaz Lama,Province 1,Koshi 5,59:45.6
Q9,Madhesh Province,Fattepur,2020-12-29T00:00:00.000000,Vishal Magar,Province 2,Madhesh 6,59:45.6
R0,Madhesh Province,Mahendranagar- Dhanusha,2020-12-30T00:00:00.000000,Mosaheb Karki,Province 2,Madhesh 5,59:45.6
R1,Madhesh Province,Gaushala,2020-12-31T00:00:00.000000,Shalik Thakuri,Province 2,Madhesh 3,59:45.6
R2,Madhesh Province,Bailbas,2021-01-01T00:00:00.000000,Mishal Dahal,Province 2,Madhesh 3,59:45.6
R3,Madhesh Province,Pidari Chowk,2021-01-02T00:00:00.000000,Ayodhya Gurung,Province 2,Madhesh 5,59:45.6
R4,Koshi Province,Buddhachowk- Sunsari,2021-01-03T00:00:00.000000,Amun Magar,Province 1,Koshi 5,59:45.6
R5,Bagmati Province,Kilagal,2021-01-04T00:00:00.000000,Ashutosha Karki,Province 3,Bagmati 5,59:45.6
R6,Bagmati Province,Kuleshwor,2021-01-05T00:00:00.000000,Sudip Gurung,Province 3,Bagmati 5,59:45.6
R7,Bagmati Province,Sinamangal,2021-01-06T00:00:00.000000,Sumeru Timalsina,Province 3,Bagmati 7,59:45.6
R8,Bagmati Province,Baluwatar,2021-01-07T00:00:00.000000,Parikshit Rai,Province 3,Bagmati 5,59:45.6
R9,Bagmati Province,Bhotahiti,2021-01-08T00:00:00.000000,Devnath Khadka,Province 3,Bagmati 5,59:45.6
S0,Bagmati Province,Gongabu,2021-01-09T00:00:00.000000,Ratneshwar Dahal,Province 3,Bagmati 3,59:45.6
S1,Bagmati Province,Thulo Bharyang,2021-01-10T00:00:00.000000,Abishec Thapa,Province 3,Bagmati 7,59:45.6
S2,Bagmati Province,Kadaghari,2021-01-11T00:00:00.000000,Binit Bhattarai,Province 3,Bagmati 4,59:45.6
S3,Bagmati Province,Ramkot,2021-01-12T00:00:00.000000,Manish Magar,Province 3,Bagmati 4,59:45.6
S4,Bagmati Province,Radhe Radhe,2021-01-13T00:00:00.000000,Preeshan Sharma,Province 3,Bagmati 4,59:45.6
S5,Bagmati Province,Baniyatar,2021-01-14T00:00:00.000000,Sherjung Poudel,Province 3,Bagmati 4,59:45.6
S6,Bagmati Province,Manthali,2021-01-15T00:00:00.000000,Nippon Bhandari,Province 3,Bagmati 9,59:45.6
S7,Koshi Province,Fungling,2021-01-16T00:00:00.000000,Jonsan Magar,Province 1,Koshi 3,59:45.6
S8,Bagmati Province,Chapagaun,2021-01-17T00:00:00.000000,Shanti Tamang,Province 3,Bagmati 8,59:45.6
S9,Bagmati Province,Bhandara,2021-01-18T00:00:00.000000,Rhythm Thapa,Province 3,Bagmati 2,59:45.6
T0,Bagmati Province,Syafrubesi,2021-01-19T00:00:00.000000,Nayan Maharjan,Province 3,Bagmati 8,59:45.6
T1,Sudurpaschim Province,Sanfebagar,2021-01-20T00:00:00.000000,Jawed Lama,Province 7,Dhangadhi,59:45.6
T2,Sudurpaschim Province,Patan,2021-01-21T00:00:00.000000,Shrameeka Yadav,Province 7,Dhangadhi,59:45.6
T3,Sudurpaschim Province,Dodhara Chandani,2021-01-22T00:00:00.000000,Arhant Khadka,Province 7,Dhangadhi,59:45.6
T4,Lumbini Province,Rukumkot,2021-01-23T00:00:00.000000,Nilav Maharjan,Province 5,Lumbini 6,59:45.6
T5,Koshi Province,Diktel,2021-01-24T00:00:00.000000,Raghuveer Rana,Province 1,Koshi 5,59:45.6
T6,Koshi Province,Salleri,2021-01-25T00:00:00.000000,Nyaupanem Bhattarai,Province 1,Koshi 5,59:45.6
T7,Lumbini Province,Liwang,2021-01-26T00:00:00.000000,Arbin Poudel,Province 5,Lumbini 6,59:45.6
T8,Karnali Province,Srinagar,2021-01-27T00:00:00.000000,Shulaxan Rai,Province 6,Surkhet,59:45.6
T9,Karnali Province,Dailekh,2021-01-28T00:00:00.000000,Darkaji Karki,Province 6,Surkhet,59:45.6
U0,Bagmati Province,Anamnagar,2021-01-29T00:00:00.000000,Byapak Rana,Province 3,Bagmati 8,59:45.6
U1,Bagmati Province,Gyaneshwor,2021-01-30T00:00:00.000000,Mibek Shrestha,Province 3,Bagmati 1,59:45.6
U2,Bagmati Province,Lagankhel,2021-01-31T00:00:00.000000,Afjal Sharma,Province 3,Bagmati 8,59:45.6
U3,Bagmati Province,Narephat,2021-02-01T00:00:00.000000,Nischal Maharjan,Province 3,Bagmati 4,59:45.6
U4,Bagmati Province,Mid-Baneshwor,2021-02-02T00:00:00.000000,Sauraab Neupane,Province 3,Bagmati 7,59:45.6
U5,Bagmati Province,Machhapokhari,2021-02-03T00:00:00.000000,Dave Khadka,Province 3,Bagmati 3,59:45.6
U6,Bagmati Province,Swayambhu,2021-02-04T00:00:00.000000,Prerak Bhandari,Province 3,Bagmati 7,59:45.6
U7,Bagmati Province,Boharatar,2021-02-05T00:00:00.000000,Swochhal Adhikari,Province 3,Bagmati 4,59:45.6
U8,Bagmati Province,Sanepa,2021-02-06T00:00:00.000000,Chiranjivi Adhikari,Province 3,Bagmati 8,59:45.6
U9,Karnali Province,Jumla Road,2021-02-07T00:00:00.000000,Sarb Bhandari,Province 6,Surkhet,59:45.6
V0,Bagmati Province,Durbarmarga,2021-02-08T00:00:00.000000,Sadhana Acharya,Province 3,Bagmati 1,59:45.6
V1,Bagmati Province,Putalisadak,2021-02-09T00:00:00.000000,Jigyasha Regmi,Province 3,Bagmati 1,59:45.6
V2,Bagmati Province,Dhungedhara Nursery Chowk,2021-02-10T00:00:00.000000,Bolbam Regmi,Province 3,Bagmati 7,59:45.6
V3,Bagmati Province,Khasibazar,2021-02-11T00:00:00.000000,Firoz Neupane,Province 3,Bagmati 6,59:45.6
V4,Bagmati Province,Mangalbazar,2021-02-12T00:00:00.000000,Shreejung Tamang,Province 3,Bagmati 8,59:45.6
V5,Bagmati Province,Naagpokhari,2021-02-13T00:00:00.000000,Ashwini Gurung,Province 3,Bagmati 5,59:45.6
V6,Madhesh Province,Dhanushadham,2021-02-14T00:00:00.000000,Preetam Sharma,Province 2,Madhesh 5,59:45.6
V7,Bagmati Province,Pharping,2021-02-15T00:00:00.000000,Subhay Bhandari,Province 3,Bagmati 6,59:45.6
V8,Bagmati Province,Tyanglaphat,2021-02-16T00:00:00.000000,Lalita Sharma,Province 3,Bagmati 6,59:45.6
V9,Bagmati Province,Sundarijal,2021-02-17T00:00:00.000000,Yojan Gurung,Province 3,Bagmati 4,59:45.6
W0,Bagmati Province,Tinchuli,2021-02-18T00:00:00.000000,Ajar Acharya,Province 3,Bagmati 3,59:45.6
W1,Bagmati Province,Kalopul,2021-02-19T00:00:00.000000,Ashim Acharya,Province 3,Bagmati 1,59:45.6
W2,Madhesh Province,Jeerabhawani,2021-02-20T00:00:00.000000,Bipik Khadka,Province 2,Madhesh 1,59:45.6
W3,Koshi Province,"Tankisinwari, Budiganga",2021-02-21T00:00:00.000000,Aaisha Gurung,Province 1,Koshi 1,59:45.6
W4,Koshi Province,Gramathan,2021-02-22T00:00:00.000000,Kshiteej Limbu,Province 1,Koshi 2,59:45.6
W5,Koshi Province,Dewangunj,2021-02-23T00:00:00.000000,Adit Khadka,Province 1,Koshi 1,59:45.6
W6,Madhesh Province,Haripur,2021-02-24T00:00:00.000000,Yuresh Thapa,Province 2,Madhesh 3,59:45.6
W7,Madhesh Province,Katahariya,2021-02-25T00:00:00.000000,Subedi Gurung,Province 2,Madhesh 4,59:45.6
W8,Lumbini Province,Gaidahawa,2021-02-26T00:00:00.000000,Aashitosh Acharya,Province 5,Lumbini 3,59:45.6
W9,Lumbini Province,Maharajgunj- Kapilvastu,2021-02-27T00:00:00.000000,Biswananda Tamang,Province 5,Lumbini 2,59:45.6
X0,Koshi Province,Pakhribas,2021-02-28T00:00:00.000000,Prashanga Yadav,Province 1,Koshi 6,59:45.6
X1,Madhesh Province,Kolhabi,2021-03-01T00:00:00.000000,Abhishesh Acharya,Province 2,Madhesh 2,59:45.6
X2,Madhesh Province,Mithila,2021-03-02T00:00:00.000000,Bikas Yadav,Province 2,Madhesh 5,59:45.6
X3,Lumbini Province,Shantichowk,2021-03-03T00:00:00.000000,Nihal Adhikari,Province 5,Lumbini 3,59:45.6
X4,Gandaki Province,Palungtar,2021-03-04T00:00:00.000000,Manbahadur Timalsina,Province 4,Gandaki 3,59:45.6
X5,Lumbini Province,Dingarnagar,2021-03-05T00:00:00.000000,Chhabiraj Neupane,Province 5,Lumbini 3,59:45.6
X6,Lumbini Province,Banbatika,2021-03-06T00:00:00.000000,Jupiter Timalsina,Province 5,Lumbini 3,59:45.6
X7,Bagmati Province,Budhanilkantha,2021-03-07T00:00:00.000000,Shamvab Regmi,Province 3,Bagmati 3,59:45.6
X8,Bagmati Province,Sakhu,2021-03-08T00:00:00.000000,Mohdasif Regmi,Province 3,Bagmati 4,59:45.6
X9,Bagmati Province,Mitrapark,2021-03-09T00:00:00.000000,Chiranjaibi Lama,Province 3,Bagmati 4,59:45.6
Y0,Bagmati Province,Chalnakhel,2021-03-10T00:00:00.000000,Madhuresh Bhandari,Province 3,Bagmati 6,59:45.6
Y1,Bagmati Province,Dhapasi,2021-03-11T00:00:00.000000,Sourav Regmi,Province 3,Bagmati 3,59:45.6
Y2,Madhesh Province,Balara,2021-03-12T00:00:00.000000,Dukhi Poudel,Province 2,Madhesh 4,59:45.6
Y3,Koshi Province,Barju,2021-03-13T00:00:00.000000,Ghanendra Limbu,Province 1,Koshi 1,59:45.6
Y4,Koshi Province,Mahalaxmi,2021-03-14T00:00:00.000000,Dileep Gurung,Province 1,Koshi 6,59:45.6
Y5,Madhesh Province,Mahagadhimai,2021-03-15T00:00:00.000000,Tupesh Dahal,Province 2,Madhesh 1,59:45.6
Y6,Madhesh Province,Sabaila,2021-03-16T00:00:00.000000,Binup Neupane,Province 2,Madhesh 5,59:45.6
Y7,Bagmati Province,Balefi,2021-03-17T00:00:00.000000,Aalok Thakuri,Province 3,Bagmati 9,59:45.6
Y8,Bagmati Province,Panauti,2021-03-18T00:00:00.000000,Shalom Yadav,Province 3,Bagmati 9,59:45.6
Y9,Gandaki Province,Beni,2021-03-19T00:00:00.000000,Dipeshwar Acharya,Province 4,Gandaki 2,59:45.6
Z0,Lumbini Province,Devkota Chowk,2021-03-20T00:00:00.000000,Shuvashna Neupane,Province 5,Lumbini 1,59:45.6
Z1,Lumbini Province,Siyari,2021-03-21T00:00:00.000000,Padmadeep Khadka,Province 5,Lumbini 1,59:45.6
Z2,Lumbini Province,Gadawa,2021-03-22T00:00:00.000000,Dristant Khadka,Province 5,Lumbini 6,59:45.6
Z3,Lumbini Province,Bahadurgunj,2021-03-23T00:00:00.000000,Parajwal Adhikari,Province 5,Lumbini 2,59:45.6
Z4,Sudurpaschim Province,Chaumala,2021-03-24T00:00:00.000000,Shahrukh Sharma,Province 7,Dhangadhi,59:45.6
Z5,Sudurpaschim Province,Hasuliya,2021-03-25T00:00:00.000000,Sudhansu Thapa,Province 7,Dhangadhi,59:45.6
Z6,Bagmati Province,Khokana,2021-03-26T00:00:00.000000,Avip Maharjan,Province 3,Bagmati 6,59:45.6
Z7,Bagmati Province,Purano Naikap,2021-03-27T00:00:00.000000,Abinath Adhikari,Province 3,Bagmati 7,59:45.6
Z8,Bagmati Province,Neupanegaun,2021-03-28T00:00:00.000000,Johnson Thapa,Province 3,Bagmati 4,59:45.6
Z9,Lumbini Province,Tamnagar,2021-03-29T00:00:00.000000,Gobinda Shrestha,Province 5,Lumbini 4,59:45.6
