bra_code,bra_iden,bra_init,bra_province,bra_bank_code,bra_corp_name,bra_sequ_numb,bra_sub_province,updated_at
5128,E4,1007144,Province 4,1,AABUKHAIRENI,100,Damauli,2024-08-07 07:03:06.983
5129,Q2,1007262,Province 4,1,AMARSINGH CHOWK,100,Pokhara,2024-08-07 07:03:06.983
5130,E9,1007149,Province 4,1,AMRAPURI,100,Gaidakot,2024-08-07 07:03:06.983
5131,U0,1007300,Province 3,1,Anamnagar,100,Putalisadak,2024-08-07 07:03:06.983
5132,50,1007050,Province 5,1,ARGHAKHANCHI,100,Butwal,2024-08-07 07:03:06.983
5133,F5,1007155,Province 4,1,ARUNKHOLA,100,Gaidakot,2024-08-07 07:03:06.983
5134,71,1007071,Province 7,1,ATTARIYA,100,Dhangadhi,2024-08-07 07:03:06.983
5135,P8,1007258,Province 4,1,Bagar,100,Pokhara,2024-08-07 07:03:06.983
5136,19,1007019,Province 3,1,BAGBAZAR,100,Corporate Office,2024-08-07 07:03:06.983
5137,74,1007074,Province 4,1,BAGLUNG,100,Baglung,2024-08-07 07:03:06.983
5138,K7,1007207,Province 2,1,BAGMATI,100,Hariwon,2024-08-07 07:03:06.983
5139,Z3,1007353,Province 5,1,Bahadurgunj,100,Bhairahawa,2024-08-07 07:03:06.983
5140,L5,1007215,Province 1,1,BAIKUNTHE,100,Hile,2024-08-07 07:03:06.983
5141,R2,1007272,Province 2,1,BAILBAS,100,Bardibas,2024-08-07 07:03:06.983
5142,B3,1007113,Province 7,1,BAJHANG,100,Dadeldhura,2024-08-07 07:03:06.983
5143,P9,1007259,Province 4,1,BAJHAPATAN,100,Pokhara,2024-08-07 07:03:06.983
5144,B4,1007114,Province 7,1,BAJURA,100,Dadeldhura,2024-08-07 07:03:06.983
5145,55,1007055,Province 3,1,BALAJU,100,Maharajgunj,2024-08-07 07:03:06.983
5146,Y2,1007342,Province 2,1,Balara,100,Hariwon,2024-08-07 07:03:06.983
5147,Y7,1007347,Province 3,1,Balefi,100,Banepa,2024-08-07 07:03:06.983
5148,M6,1007226,Province 1,1,BALIYA,100,Itahari,2024-08-07 07:03:06.983
5149,H0,1007170,Province 3,1,BALKOT,100,Bhaktapur,2024-08-07 07:03:06.983
5150,R8,1007278,Province 3,1,Baluwatar,100,Thamel,2024-08-07 07:03:06.983
5151,X6,1007336,Province 5,1,Banbatika,100,Rajmarga Chauraha,2024-08-07 07:03:06.983
5152,07,1007007,Province 3,1,BANEPA,100,Banepa,2024-08-07 07:03:06.983
5153,S5,1007285,Province 3,1,Baniyatar,100,Tokha,2024-08-07 07:03:06.983
5154,D9,1007139,Province 2,1,BANKUL BAZAR,100,Gaur,2024-08-07 07:03:06.983
5155,97,1007097,Province 5,1,BANSGADHI,100,Nepalgunj,2024-08-07 07:03:06.983
5156,K8,1007208,Province 2,1,BARATHAWA,100,Hariwon,2024-08-07 07:03:06.983
5157,83,1007083,Province 5,1,BARDAGHAT,100,Sunwal,2024-08-07 07:03:06.983
5158,C1,1007121,Province 2,1,BARDIBAS,100,Bardibas,2024-08-07 07:03:06.983
5159,Y3,1007343,Province 1,1,Barju,100,Biratnagar,2024-08-07 07:03:06.983
5160,Q4,1007264,Province 3,1,BASENI,100,Narayangarh,2024-08-07 07:03:06.983
5161,70,1007070,Province 3,1,BATTAR,100,Battar,2024-08-07 07:03:06.983
5162,37,1007037,Province 3,1,BATTISPUTALI,100,New Baneshwor,2024-08-07 07:03:06.983
5163,95,1007095,Province 7,1,BAUNIYA,100,Dhangadhi,2024-08-07 07:03:06.983
5164,I5,1007185,Province 7,1,BEDKOT,100,Dhangadhi,2024-08-07 07:03:06.983
5165,M3,1007223,Province 1,1,BELBARI,100,Itahari,2024-08-07 07:03:06.983
5166,O0,1007240,Province 5,1,BELBAS,100,Rajmarga Chauraha,2024-08-07 07:03:06.983
5167,Y9,1007349,Province 4,1,Beni,100,Baglung,2024-08-07 07:03:06.983
5168,E8,1007148,Province 4,1,BESHISAHAR,100,Damauli,2024-08-07 07:03:06.983
5169,J3,1007193,Province 3,1,BETRAWATI,100,Battar,2024-08-07 07:03:06.983
5170,E2,1007142,Province 2,1,BHAGWANPUR,100,Lahan,2024-08-07 07:03:06.983
5171,61,1007061,Province 5,1,BHAIRAHAWA,100,Bhairahawa,2024-08-07 07:03:06.983
5172,G6,1007166,Province 3,1,BHAISEPATI,100,Thankot,2024-08-07 07:03:06.983
5173,08,1007008,Province 3,1,BHAKTAPUR,100,Bhaktapur,2024-08-07 07:03:06.983
5174,E3,1007143,Province 5,1,BHALWARI,100,Bhairahawa,2024-08-07 07:03:06.983
5175,S9,1007289,Province 3,1,Bhandara,100,Narayangarh,2024-08-07 07:03:06.983
5176,A7,1007107,Province 4,1,BHIMAD,100,Damauli,2024-08-07 07:03:06.983
5177,G7,1007167,Province 3,1,BHIMPHEDI,100,Hetauda,2024-08-07 07:03:06.983
5178,B6,1007116,Province 1,1,BHOJPUR,100,Hile,2024-08-07 07:03:06.983
5179,R9,1007279,Province 3,1,Bhotahiti,100,New Road,2024-08-07 07:03:06.983
5180,96,1007096,Province 5,1,BHUMAHI,100,Sunwal,2024-08-07 07:03:06.983
5181,G1,1007161,Province 5,1,BHURIGAUN,100,Nepalgunj,2024-08-07 07:03:06.983
5182,56,1007056,Province 1,1,BIRATCHOWK,100,Itahari,2024-08-07 07:03:06.983
5183,02,1007002,Province 1,1,BIRATNAGAR,100,Biratnagar,2024-08-07 07:03:06.983
5184,L4,1007214,Province 1,1,BIRATNAGAR MAIN ROAD,100,Biratnagar,2024-08-07 07:03:06.983
5185,75,1007075,Province 4,1,BIRAUTA,100,Pokhara,2024-08-07 07:03:06.983
5186,22,1007022,Province 2,1,BIRGUNJ,100,Birgunj,2024-08-07 07:03:06.983
5187,O6,1007246,Province 1,1,BIRTA BAZAR,100,Birtamode,2024-08-07 07:03:06.983
5188,09,1007009,Province 1,1,BIRTAMODE,100,Birtamode,2024-08-07 07:03:06.983
5189,12,1007012,Province 3,1,Bode,100,Bhaktapur,2024-08-07 07:03:06.983
5190,U7,1007307,Province 3,1,Boharatar,100,Tokha,2024-08-07 07:03:06.983
5191,18,1007018,Province 3,1,BOUDHA,100,Boudha,2024-08-07 07:03:06.983
5192,Y1,1007341,Province 3,1,Dhapasi,100,Thankot,2024-08-07 07:03:06.983
5193,F2,1007152,Province 5,1,BUDDHACHOWK,100,Bhairahawa,2024-08-07 07:03:06.983
5194,R4,1007274,Province 1,1,BUDDHACHOWK  SUNSARI,100,Dharan,2024-08-07 07:03:06.983
5195,85,1007085,Province 1,1,BUDHABARE,100,Ilam,2024-08-07 07:03:06.983
5196,X7,1007337,Province 3,1,Budhanilkantha,100,Tokha,2024-08-07 07:03:06.983
5197,P7,1007257,Province 4,1,BUDHIBAZAR,100,Pokhara,2024-08-07 07:03:06.983
5198,15,1007015,Province 5,1,BUTWAL,100,Butwal,2024-08-07 07:03:06.983
5199,99,1007099,Province 5,1,Card Center,100,Butwal,2024-08-07 07:03:06.983
5200,O8,1007248,Province 3,1,CHABAHIL,100,Koteshwor,2024-08-07 07:03:06.983
5201,N7,1007237,Province 2,1,CHAKRAGHATTA,100,Hariwon,2024-08-07 07:03:06.983
5202,Y0,1007340,Province 3,1,Chalnakhel,100,Thankot,2024-08-07 07:03:06.983
5203,Q6,1007266,Province 3,1,CHANAULI,100,Narayangarh,2024-08-07 07:03:06.983
5204,67,1007067,Province 1,1,CHANDRAGADI,100,Birtamode,2024-08-07 07:03:06.983
5205,C4,1007124,Province 2,1,CHANDRANIGAHAPUR,100,Gaur,2024-08-07 07:03:06.983
5206,K9,1007209,Province 5,1,CHANDRAUTA,100,Butwal,2024-08-07 07:03:06.983
5207,S8,1007288,Province 3,1,Chapagaun,100,Thankot,2024-08-07 07:03:06.983
5208,C2,1007122,Province 3,1,CHARIKOT,100,Banepa,2024-08-07 07:03:06.983
5209,L1,1007211,Province 1,1,CHARPANE,100,Birtamode,2024-08-07 07:03:06.983
5210,Z4,1007354,Province 7,1,Chaumala,100,Dhangadhi,2024-08-07 07:03:06.983
5211,11,1007011,Province 3,1,CHHETRAPATI,100,Corporate Office,2024-08-07 07:03:06.983
5212,54,1007054,Province 3,1,CORPORATE OFFICE BRANCH,100,Corporate Office,2024-08-07 07:03:06.983
5213,I6,1007186,Province 7,1,DADELDHURA,100,Dadeldhura,2024-08-07 07:03:06.983
5214,T9,1007299,Province 6,1,Dailekh,100,Surkhet,2024-08-07 07:03:06.983
5215,77,1007077,Province 4,1,DALDALE,100,Gaidakot,2024-08-07 07:03:06.983
5216,N5,1007235,Province 6,1,DALLIBAZAR,100,Surkhet,2024-08-07 07:03:06.983
5217,34,1007034,Province 1,1,DAMAK,100,Damak,2024-08-07 07:03:06.983
5218,P5,1007255,Province 1,1,DAMAK CHOWK,100,Damak,2024-08-07 07:03:06.983
5219,57,1007057,Province 4,1,DAMAULI,100,Damauli,2024-08-07 07:03:06.983
5220,B5,1007115,Province 7,1,DARCHULA,100,Dadeldhura,2024-08-07 07:03:06.983
5221,P6,1007256,Province 5,1,DEVINAGAR,100,Rajmarga Chauraha,2024-08-07 07:03:06.983
5222,Z0,1007350,Province 5,1,Devkota Chowk,100,Bhairahawa,2024-08-07 07:03:06.983
5223,W5,1007325,Province 1,1,Dewangunj,100,Biratnagar,2024-08-07 07:03:06.983
5224,E5,1007145,Province 3,1,DHADINGBESI,100,Battar,2024-08-07 07:03:06.983
5225,94,1007094,Province 5,1,DHAKDHAHI,100,Sunwal,2024-08-07 07:03:06.983
5226,25,1007025,Province 7,1,DHANGADHI  HOSPITAL LINE,100,Dhangadhi,2024-08-07 07:03:06.983
5227,38,1007038,Province 7,1,DHANGADI CHAURAHA,100,Dhangadhi,2024-08-07 07:03:06.983
5228,P3,1007253,Province 1,1,DHANKUTA,100,Hile,2024-08-07 07:03:06.983
5229,V6,1007316,Province 2,1,Dhanushadham,100,Janakpur,2024-08-07 07:03:06.983
5230,23,1007023,Province 1,1,DHARANMB,100,Dharan,2024-08-07 07:03:06.983
5231,J2,1007192,Province 3,1,DHARKE,100,Battar,2024-08-07 07:03:06.983
5232,C9,1007129,Province 1,1,DHULABARI,100,Ilam,2024-08-07 07:03:06.983
5233,H3,1007173,Province 3,1,DHULIKHEL,100,Banepa,2024-08-07 07:03:06.983
5234,V2,1007312,Province 3,1,Dhungedhara Nursery Chowk,100,Tokha,2024-08-07 07:03:06.983
5235,T5,1007295,Province 1,1,Diktel,100,Gaighat,2024-08-07 07:03:06.983
5236,29,1007029,Province 3,1,DILLIBAZAR,100,Corporate Office,2024-08-07 07:03:06.983
5237,X5,1007335,Province 5,1,Dingarnagar,100,Rajmarga Chauraha,2024-08-07 07:03:06.983
5238,M9,1007229,Province 1,1,DINGLA,100,Hile,2024-08-07 07:03:06.983
5239,H8,1007178,Province 7,1,DIPAYAL,100,Dadeldhura,2024-08-07 07:03:06.983
5240,AA,,Province 5,1,DIPNAGAR,100,Sunwal,2024-08-07 07:03:06.983
5241,T3,1007293,Province 7,1,Dodhara Chandani,100,Dhangadhi,2024-08-07 07:03:06.983
5242,I0,1007180,Province 5,1,DRIVER TOLE,100,Rajmarga Chauraha,2024-08-07 07:03:06.983
5243,A8,1007108,Province 1,1,DUHABI,100,Biratnagar,2024-08-07 07:03:06.983
5244,A3,1007103,Province 4,1,DULEGAUDA,100,Damauli,2024-08-07 07:03:06.983
5245,F4,1007154,Province 4,1,DUMKIBAS,100,Gaidakot,2024-08-07 07:03:06.983
5246,E6,1007146,Province 4,1,DUMRE,100,Damauli,2024-08-07 07:03:06.983
5247,V0,1007310,Province 3,1,Durbarmarga,100,Corporate Office,2024-08-07 07:03:06.983
5248,G9,1007169,Province 3,1,DUWAKOT,100,Bhaktapur,2024-08-07 07:03:06.983
5249,O7,1007247,Province 1,1,FALGUNANDA CHOWK,100,Damak,2024-08-07 07:03:06.983
5250,Q9,1007269,Province 2,1,FATTEPUR,100,Lahan,2024-08-07 07:03:06.983
5251,S7,1007287,Province 1,1,Fungling,100,Ilam,2024-08-07 07:03:06.983
5252,Z2,1007352,Province 5,1,Gadawa,100,Tulsipur,2024-08-07 07:03:06.983
5253,W8,1007328,Province 5,1,Gaidahawa,100,Rajmarga Chauraha,2024-08-07 07:03:06.983
5254,H9,1007179,Province 4,1,GAIDAKOT,100,Gaidakot,2024-08-07 07:03:06.983
5255,40,1007040,Province 1,1,GAIGHAT,100,Gaighat,2024-08-07 07:03:06.983
5256,I4,1007184,Province 3,1,GAJURI,100,Battar,2024-08-07 07:03:06.983
5257,K5,1007205,Province 3,1,GALCHHI,100,Battar,2024-08-07 07:03:06.983
5258,O1,1007241,Province 2,1,GARUDA,100,Gaur,2024-08-07 07:03:06.983
5259,46,1007046,Province 2,1,GAUR,100,Gaur,2024-08-07 07:03:06.983
5260,87,1007087,Province 1,1,GAURADAHA,100,Damak,2024-08-07 07:03:06.983
5261,L3,1007213,Province 1,1,GAURIGUNJ,100,Damak,2024-08-07 07:03:06.983
5262,R1,1007271,Province 2,1,GAUSHALA,100,Bardibas,2024-08-07 07:03:06.983
5263,I2,1007182,Province 3,1,GEETANAGAR,100,Narayangarh,2024-08-07 07:03:06.983
5264,92,1007092,Province 5,1,GHORAHI,100,Tulsipur,2024-08-07 07:03:06.983
5265,H7,1007177,Province 3,1,Mahalaxmi Lalitpur,100,Thankot,2024-08-07 07:03:06.983
5266,N9,1007239,Province 2,1,GOLBAZAR,100,Bardibas,2024-08-07 07:03:06.983
5267,64,1007064,Province 3,1,GOLFUTAR,100,Boudha,2024-08-07 07:03:06.983
5268,S0,1007280,Province 3,1,Gongabu,100,Maharajgunj,2024-08-07 07:03:06.983
5269,F3,1007153,Province 5,1,GOPIGUNJ,100,Sunwal,2024-08-07 07:03:06.983
5270,E7,1007147,Province 4,1,GORKHA,100,Damauli,2024-08-07 07:03:06.983
5271,G2,1007162,Province 3,1,GOTHATAR,100,Boudha,2024-08-07 07:03:06.983
5272,W4,1007324,Province 1,1,Gramathan,100,Itahari,2024-08-07 07:03:06.983
5273,26,1007026,Province 3,1,GWARKO,100,Koteshwor,2024-08-07 07:03:06.983
5274,U1,1007301,Province 3,1,Gyaneshwor,100,Putalisadak,2024-08-07 07:03:06.983
5275,P2,1007252,Province 1,1,HAAT KHOLA,100,Biratnagar,2024-08-07 07:03:06.983
5276,A4,1007104,Province 3,1,HAKIM CHOWK,100,Narayangarh,2024-08-07 07:03:06.983
5277,W6,1007326,Province 2,1,Haripur,100,Hariwon,2024-08-07 07:03:06.983
5278,D8,1007138,Province 2,1,HARIPURWA,100,Bardibas,2024-08-07 07:03:06.983
5279,45,1007045,Province 2,1,HARIWON,100,Hariwon,2024-08-07 07:03:06.983
5280,Z5,1007355,Province 7,1,Hasuliya,100,Dhangadhi,2024-08-07 07:03:06.983
5281,68,1007068,Province 3,1,HETAUDA,100,Hetauda,2024-08-07 07:03:06.983
5282,88,1007088,Province 1,1,HILE,100,Hile,2024-08-07 07:03:06.983
5283,05,1007005,Province 1,1,ILAM,100,Ilam,2024-08-07 07:03:06.983
5284,F9,1007159,Province 5,1,IMILIYA,100,Butwal,2024-08-07 07:03:06.983
5285,O3,1007243,Province 1,1,INARUWA,100,Dharan,2024-08-07 07:03:06.983
5286,04,1007004,Province 1,1,ITAHARI,100,Itahari,2024-08-07 07:03:06.983
5287,N1,1007231,Province 2,1,JAGARNATHPUR,100,Birgunj,2024-08-07 07:03:06.983
5288,B8,1007118,Province 6,1,JAJARKOT,100,Surkhet,2024-08-07 07:03:06.983
5289,31,1007031,Province 2,1,JANAKPUR,100,Janakpur,2024-08-07 07:03:06.983
5290,M1,1007221,Province 5,1,JANGRAWA,100,Tulsipur,2024-08-07 07:03:06.983
5291,03,1007003,Province 3,1,JAWALAKHEL,100,Pulchowk,2024-08-07 07:03:06.983
5292,W2,1007322,Province 2,1,Jeerabhawani,100,Birgunj,2024-08-07 07:03:06.983
5293,80,1007080,Province 2,1,JEETPUR,100,Gaur,2024-08-07 07:03:06.983
5294,K2,1007202,Province 1,1,JHAPA BAZAR,100,Birtamode,2024-08-07 07:03:06.983
5295,D1,1007131,Province 1,1,JHILJHILE,100,Birtamode,2024-08-07 07:03:06.983
5296,89,1007089,Province 1,1,JHUMKA,100,Dharan,2024-08-07 07:03:06.983
5297,F8,1007158,Province 5,1,JITPUR FOUR NUM,100,Butwal,2024-08-07 07:03:06.983
5298,C3,1007123,Province 7,1,JOSHIPUR,100,Dhangadhi,2024-08-07 07:03:06.983
5299,C0,1007120,Province 6,1,JUMLA,100,Surkhet,2024-08-07 07:03:06.983
5300,U9,1007309,Province 6,1,Jumla Road,100,Surkhet,2024-08-07 07:03:06.983
5301,C7,1007127,Province 5,1,JUMRI,100,Tulsipur,2024-08-07 07:03:06.983
5302,D7,1007137,Province 2,1,KABILASI,100,Hariwon,2024-08-07 07:03:06.983
5303,S2,1007282,Province 3,1,Kadaghari,100,Boudha,2024-08-07 07:03:06.983
5304,D0,1007130,Province 1,1,KAKARVITTA,100,Ilam,2024-08-07 07:03:06.983
5305,58,1007058,Province 2,1,KALAIYA,100,Birgunj,2024-08-07 07:03:06.983
5306,10,1007010,Province 3,1,KALANKI,100,Tripureswor,2024-08-07 07:03:06.983
5307,82,1007082,Province 6,1,KALIKOT,100,Surkhet,2024-08-07 07:03:06.983
5308,W1,1007321,Province 3,1,Kalopul,100,Putalisadak,2024-08-07 07:03:06.983
5309,32,1007032,Province 3,1,KAMALADI,100,Corporate Office,2024-08-07 07:03:06.983
5310,60,1007060,Province 3,1,KAPAN,100,Tokha,2024-08-07 07:03:06.983
5311,W7,1007327,Province 2,1,Katahariya,100,Gaur,2024-08-07 07:03:06.983
5312,Q8,1007268,Province 1,1,KATARI,100,Gaighat,2024-08-07 07:03:06.983
5313,21,1007021,Province 3,1,KAUSALTAR,100,Bhaktapur,2024-08-07 07:03:06.983
5314,76,1007076,Province 4,1,KAWASOTI,100,Gaidakot,2024-08-07 07:03:06.983
5315,K3,1007203,Province 1,1,KECHANA KAWAL,100,Birtamode,2024-08-07 07:03:06.983
5316,C8,1007128,Province 1,1,KERABARI,100,Itahari,2024-08-07 07:03:06.983
5317,J4,1007194,Province 3,1,KHADICHAUR,100,Banepa,2024-08-07 07:03:06.983
5318,F6,1007156,Province 5,1,KHAIRENI,100,Sunwal,2024-08-07 07:03:06.983
5319,B1,1007111,Province 5,1,KHAJURA,100,Nepalgunj,2024-08-07 07:03:06.983
5320,I3,1007183,Province 3,1,KHANIKHOLA,100,Battar,2024-08-07 07:03:06.983
5321,V3,1007313,Province 3,1,Khasibazar,100,Tripureswor,2024-08-07 07:03:06.983
5322,Z6,1007356,Province 3,1,Khokana,100,Thankot,2024-08-07 07:03:06.983
5323,27,1007027,Province 3,1,KHUMALTAR,100,Thankot,2024-08-07 07:03:06.983
5324,R5,1007275,Province 3,1,Kilagal,100,New Road,2024-08-07 07:03:06.983
5325,39,1007039,Province 3,1,KIRTIPUR,100,Thankot,2024-08-07 07:03:06.983
5326,59,1007059,Province 5,1,KOHALPUR,100,Nepalgunj,2024-08-07 07:03:06.983
5327,X1,1007331,Province 2,1,Kolhabi,100,Gaur,2024-08-07 07:03:06.983
5328,O9,1007249,Province 3,1,KOTESHWOR,100,Koteshwor,2024-08-07 07:03:06.983
5329,F1,1007151,Province 5,1,KOTHIHAWA,100,Bhairahawa,2024-08-07 07:03:06.983
5330,N4,1007234,Province 4,1,KRISHI,100,Baglung,2024-08-07 07:03:06.983
5331,R6,1007276,Province 3,1,Kuleshwor,100,Tripureswor,2024-08-07 07:03:06.983
5332,79,1007079,Province 4,1,KUSHMA,100,Baglung,2024-08-07 07:03:06.983
5333,J9,1007199,Province 5,1,LABANI,100,Bhairahawa,2024-08-07 07:03:06.983
5334,U2,1007302,Province 3,1,Lagankhel,100,Pulchowk,2024-08-07 07:03:06.983
5335,36,1007036,Province 2,1,LAHAN,100,Lahan,2024-08-07 07:03:06.983
5336,A2,1007102,Province 4,1,LAKESIDEPOKHARA,100,Pokhara,2024-08-07 07:03:06.983
5337,O2,1007242,Province 2,1,LALBANDI,100,Hariwon,2024-08-07 07:03:06.983
5338,51,1007051,Province 5,1,LAMAHI,100,Tulsipur,2024-08-07 07:03:06.983
5339,86,1007086,Province 7,1,LAMKI,100,Dhangadhi,2024-08-07 07:03:06.983
5340,E0,1007140,Province 2,1,LANGADI,100,Birgunj,2024-08-07 07:03:06.983
5341,63,1007063,Province 3,1,LAZIMPAT,100,New Road,2024-08-07 07:03:06.983
5342,73,1007073,Province 4,1,LEKHNATH,100,Pokhara,2024-08-07 07:03:06.983
5343,M4,1007224,Province 1,1,LETANG,100,Damak,2024-08-07 07:03:06.983
5344,Q3,1007263,Province 2,1,Linkroad,100,Birgunj,2024-08-07 07:03:06.983
5345,T7,1007297,Province 5,1,Liwang,100,Tulsipur,2024-08-07 07:03:06.983
5346,D6,1007136,Province 2,1,LOHARPATTI,100,Janakpur,2024-08-07 07:03:06.983
5347,J8,1007198,Province 5,1,LUMBINI,100,Bhairahawa,2024-08-07 07:03:06.983
5348,U5,1007305,Province 3,1,Machhapokhari,100,Maharajgunj,2024-08-07 07:03:06.983
5349,B2,1007112,Province 5,1,MAGRAGADHI,100,Nepalgunj,2024-08-07 07:03:06.983
5350,J1,1007191,Province 3,1,MAHADEVBESI,100,Battar,2024-08-07 07:03:06.983
5351,N6,1007236,Province 2,1,MAHADEWA,100,Lahan,2024-08-07 07:03:06.983
5352,Y5,1007345,Province 2,1,Mahagadhimai,100,Birgunj,2024-08-07 07:03:06.983
5353,Y4,1007344,Province 1,1,Mahalaxmi,100,Hile,2024-08-07 07:03:06.983
5354,13,1007013,Province 3,1,MAHARAJGUNJ,100,Maharajgunj,2024-08-07 07:03:06.983
5355,W9,1007329,Province 5,1,Maharajgunj Kapilvastu,100,Bhairahawa,2024-08-07 07:03:06.983
5356,24,1007024,Province 7,1,MAHENDRANAGAR,100,Dhangadhi,2024-08-07 07:03:06.983
5357,R0,1007270,Province 2,1,MAHENDRANAGAR  DHANUSHA,100,Janakpur,2024-08-07 07:03:06.983
5358,K1,,Province 5,1,MAJHGAWA,100,Bhairahawa,2024-08-07 07:03:06.983
5359,42,1007042,Province 2,1,MALANGAWA,100,Hariwon,2024-08-07 07:03:06.983
5360,H5,1007175,Province 3,1,MANAHARI,100,Hetauda,2024-08-07 07:03:06.983
5361,G3,1007163,Province 3,1,MANAMAIJU,100,Tokha,2024-08-07 07:03:06.983
5362,M8,1007228,Province 1,1,MANEBHANJYANG,100,Hile,2024-08-07 07:03:06.983
5363,V4,1007314,Province 3,1,Mangalbazar,100,Pulchowk,2024-08-07 07:03:06.983
5364,A5,1007105,Province 5,1,MANIGRAM,100,Bhairahawa,2024-08-07 07:03:06.983
5365,G0,1007160,Province 5,1,MANIGRAM Four NUM,100,Sunwal,2024-08-07 07:03:06.983
5366,S6,1007286,Province 3,1,Manthali,100,Banepa,2024-08-07 07:03:06.983
5367,U4,1007304,Province 3,1,Mid Baneshwor,100,New Baneshwor,2024-08-07 07:03:06.983
5368,L9,1007219,Province 5,1,MILAN CHOWK,100,Nepalgunj,2024-08-07 07:03:06.983
5369,66,1007066,Province 2,1,MIRCHAIYA,100,Bardibas,2024-08-07 07:03:06.983
5370,X2,1007332,Province 2,1,Mithila,100,Bardibas,2024-08-07 07:03:06.983
5371,X9,1007339,Province 3,1,Mitrapark,100,Koteshwor,2024-08-07 07:03:06.983
5372,81,1007081,Province 6,1,MUGU,100,Surkhet,2024-08-07 07:03:06.983
5373,F7,1007157,Province 5,1,MURGIYA,100,Butwal,2024-08-07 07:03:06.983
5374,M7,1007227,Province 1,1,MYANGLUNG,100,Hile,2024-08-07 07:03:06.983
5375,V5,1007315,Province 3,1,Naagpokhari,100,Corporate Office,2024-08-07 07:03:06.983
5376,D4,1007134,Province 2,1,NARAHA,100,Lahan,2024-08-07 07:03:06.983
5377,14,1007014,Province 3,1,NARAYANGARH,100,Narayangarh,2024-08-07 07:03:06.983
5378,U3,1007303,Province 3,1,Narephat,100,Boudha,2024-08-07 07:03:06.983
5379,I1,1007181,Province 4,1,NAUDANDA,100,Baglung,2024-08-07 07:03:06.983
5380,A6,1007106,Province 4,1,NAYAPOOL,100,Baglung,2024-08-07 07:03:06.983
5381,20,1007020,Province 5,1,NEPALGUNJ,100,Nepalgunj,2024-08-07 07:03:06.983
5382,Z8,1007358,Province 3,1,Neupanegaun,100,Bhaktapur,2024-08-07 07:03:06.983
5383,49,1007049,Province 3,1,NEW BANESHWOR,100,New Baneshwor,2024-08-07 07:03:06.983
5384,06,1007006,Province 3,1,NEW ROAD,100,New Road,2024-08-07 07:03:06.983
5385,30,1007030,Province 3,1,NEW ROAD BISHAL BAZAR,100,New Road,2024-08-07 07:03:06.983
5386,A0,1007100,Province 4,1,NEW ROAD POKHARA,100,Pokhara,2024-08-07 07:03:06.983
5387,Q5,1007265,Province 2,1,NIJGADH,100,Gaur,2024-08-07 07:03:06.983
5388,B7,1007117,Province 1,1,OKHALDHUNGA,100,Gaighat,2024-08-07 07:03:06.983
5389,P4,1007254,Province 1,1,PACHRUKI,100,Dharan,2024-08-07 07:03:06.983
5390,C6,1007126,Province 7,1,PAHALMANPUR,100,Dhangadhi,2024-08-07 07:03:06.983
5391,H6,1007176,Province 5,1,PAKADI,100,Bhairahawa,2024-08-07 07:03:06.983
5392,X0,1007330,Province 1,1,Pakhribas,100,Hile,2024-08-07 07:03:06.983
5393,X4,1007334,Province 4,1,Palungtar,100,Damauli,2024-08-07 07:03:06.983
5394,Y8,1007348,Province 3,1,Panauti,100,Banepa,2024-08-07 07:03:06.983
5395,53,1007053,Province 3,1,Panchakanya,100,Battar,2024-08-07 07:03:06.983
5396,H4,1007174,Province 3,1,PANCHKHAL,100,Banepa,2024-08-07 07:03:06.983
5397,J6,1007196,Province 5,1,PARASI,100,Sunwal,2024-08-07 07:03:06.983
5398,98,1007098,Province 3,1,PARSA,100,Narayangarh,2024-08-07 07:03:06.983
5399,Q0,1007260,Province 4,1,PARSYANG,100,Pokhara,2024-08-07 07:03:06.983
5400,T2,1007292,Province 7,1,Patan,100,Dadeldhura,2024-08-07 07:03:06.983
5401,84,1007084,Province 1,1,PATHARI,100,Damak,2024-08-07 07:03:06.983
5402,44,1007044,Province 3,1,PEPSICOLA,100,Boudha,2024-08-07 07:03:06.983
5403,V7,1007317,Province 3,1,Pharping,100,Thankot,2024-08-07 07:03:06.983
5404,M2,1007222,Province 2,1,PHETA,100,Birgunj,2024-08-07 07:03:06.983
5405,78,1007078,Province 1,1,PHIDIM,100,Ilam,2024-08-07 07:03:06.983
5406,R3,1007273,Province 2,1,PIDARI CHOWK,100,Janakpur,2024-08-07 07:03:06.983
5407,L8,1007218,Province 5,1,PIPRAHAWA CHOWK,100,Nepalgunj,2024-08-07 07:03:06.983
5408,16,1007016,Province 4,1,POKHARA,100,Pokhara,2024-08-07 07:03:06.983
5409,Q7,1007267,Province 2,1,POWERHOUSE CHOWK BIRGUNJ,100,Birgunj,2024-08-07 07:03:06.983
5410,Q1,1007261,Province 4,1,POWERHOUSE CHOWK KASKI,100,Pokhara,2024-08-07 07:03:06.983
5411,O4,1007244,Province 1,1,PRAKASHPUR,100,Dharan,2024-08-07 07:03:06.983
5412,33,1007033,Province 3,1,PULCHOWK,100,Pulchowk,2024-08-07 07:03:06.983
5413,J0,1007190,Province 7,1,PUNARBAS,100,Dhangadhi,2024-08-07 07:03:06.983
5414,Z7,Z7,Province 3,1,Purano Naikap,100,Thankot,2024-08-07 07:03:06.983
5415,H1,1007171,Province 3,1,PURANO THIMI,100,Bhaktapur,2024-08-07 07:03:06.983
5416,69,1007069,Province 1,1,PUSPALAL CHOWK,100,Biratnagar,2024-08-07 07:03:06.983
5417,V1,1007311,Province 3,1,Putalisadak,100,Putalisadak,2024-08-07 07:03:06.983
5418,S4,1007284,Province 3,1,Radhe Radhe,100,Bhaktapur,2024-08-07 07:03:06.983
5419,N8,1007238,Province 2,1,RAJBIRAJ,100,Lahan,2024-08-07 07:03:06.983
5420,I9,1007189,Province 5,1,RAJMARGA CHAURAHA,100,Rajmarga Chauraha,2024-08-07 07:03:06.983
5421,I7,1007187,Province 5,1,RAM MANDIR BUTWAL,100,Butwal,2024-08-07 07:03:06.983
5422,D3,1007133,Province 1,1,RAMAILO,100,Damak,2024-08-07 07:03:06.983
5423,S3,1007283,Province 3,1,Ramkot,100,Tokha,2024-08-07 07:03:06.983
5424,O5,1007245,Province 1,1,RANI MILLS AREA,100,Biratnagar,2024-08-07 07:03:06.983
5425,00,00,Registered Office,1,Registered Office,100,Registered Office,2024-08-07 07:03:06.983
5426,N0,1007230,Province 1,1,ROADCESS CHOWK,100,Biratnagar,2024-08-07 07:03:06.983
5427,B0,1007110,Province 5,1,RUDRAPUR,100,Rajmarga Chauraha,2024-08-07 07:03:06.983
5428,B9,1007119,Province 6,1,RUKUM,100,Surkhet,2024-08-07 07:03:06.983
5429,T4,1007294,Province 5,1,Rukumkot,100,Tulsipur,2024-08-07 07:03:06.983
5430,41,1007041,Province 3,1,SAATDOBATO,100,Pulchowk,2024-08-07 07:03:06.983
5431,Y6,1007346,Province 2,1,Sabaila,100,Janakpur,2024-08-07 07:03:06.983
5432,N2,1007232,Province 2,1,SAGHARA,100,Janakpur,2024-08-07 07:03:06.983
5433,X8,X8,Province 3,1,Sakhu,100,Boudha,2024-08-07 07:03:06.983
5434,A9,1007109,Province 5,1,SALJHANDI,100,Butwal,2024-08-07 07:03:06.983
5435,T6,1007296,Province 1,1,Salleri,100,Gaighat,2024-08-07 07:03:06.983
5436,17,1007017,Province 3,1,SAMAKHUSHI,100,Maharajgunj,2024-08-07 07:03:06.983
5437,M0,1007220,Province 5,1,SAMJHANA CHOWK,100,Nepalgunj,2024-08-07 07:03:06.983
5438,E1,1007141,Province 2,1,SAMSI,100,Bardibas,2024-08-07 07:03:06.983
5439,U8,1007308,Province 3,1,Sanepa,100,Pulchowk,2024-08-07 07:03:06.983
5440,T1,1007291,Province 7,1,Sanfebagar,100,Dadeldhura,2024-08-07 07:03:06.983
5441,K4,1007204,Province 1,1,SANISCHARE,100,Birtamode,2024-08-07 07:03:06.983
5442,M5,1007225,Province 3,1,Sankhamul,100,New Baneshwor,2024-08-07 07:03:06.983
5443,H2,1007172,Province 3,1,SATUNGAL,100,Thankot,2024-08-07 07:03:06.983
5444,93,1007093,Province 5,1,SAU PHARSATIKAR,100,Rajmarga Chauraha,2024-08-07 07:03:06.983
5445,P1,1007251,Province 3,1,SAURAHA,100,Narayangarh,2024-08-07 07:03:06.983
5446,F0,1007150,Province 5,1,SHANKARPUR,100,Sunwal,2024-08-07 07:03:06.983
5447,X3,1007333,Province 5,1,Shantichowk,100,Rajmarga Chauraha,2024-08-07 07:03:06.983
5448,L2,1007212,Province 5,1,SHISAHANIYA,100,Tulsipur,2024-08-07 07:03:06.983
5449,L7,1007217,Province 2,1,SIMARA BHAWANIPUR,100,Gaur,2024-08-07 07:03:06.983
5450,R7,1007277,Province 3,1,Sinamangal,100,Koteshwor,2024-08-07 07:03:06.983
5451,C5,1007125,Province 3,1,SINDHULI,100,Banepa,2024-08-07 07:03:06.983
5452,52,1007052,Province 2,1,SIRAHA,100,Lahan,2024-08-07 07:03:06.983
5453,G4,1007164,Province 3,1,SITAPAILA,100,Tokha,2024-08-07 07:03:06.983
5454,Z1,Z1,Province 5,1,Siyari,100,Rajmarga Chauraha,2024-08-07 07:03:06.983
5455,P0,1007250,Province 3,1,SORHAKHUTTE,100,Thamel,2024-08-07 07:03:06.983
5456,T8,1007298,Province 6,1,Srinagar,100,Surkhet,2024-08-07 07:03:06.983
5457,28,1007028,Province 3,1,SUKEDHARA,100,Maharajgunj,2024-08-07 07:03:06.983
5458,V9,1007319,Province 3,1,Sundarijal,100,Boudha,2024-08-07 07:03:06.983
5459,K6,1007206,Province 5,1,SUNWAL,100,Sunwal,2024-08-07 07:03:06.983
5460,35,1007035,Province 6,1,SURKHET,100,Surkhet,2024-08-07 07:03:06.983
5461,L0,1007210,Province 1,1,SURUNGA,100,Birtamode,2024-08-07 07:03:06.983
5462,U6,1007306,Province 3,1,Swayambhu,100,Tokha,2024-08-07 07:03:06.983
5463,T0,1007290,Province 3,1,Syafrubesi,100,Battar,2024-08-07 07:03:06.983
5464,K0,1007200,Province 5,1,TAMGHAS,100,Butwal,2024-08-07 07:03:06.983
5465,Z9,1007359,Province 5,1,Tamnagar,100,Rajmarga Chauraha,2024-08-07 07:03:06.983
5466,A1,1007101,Province 3,1,TANDI,100,Narayangarh,2024-08-07 07:03:06.983
5467,W3,1007323,Province 1,1,Tankisinwari,100,Biratnagar,2024-08-07 07:03:06.983
5468,90,1007090,Province 5,1,TANSEN,100,Butwal,2024-08-07 07:03:06.983
5469,D2,1007132,Province 1,1,TARAHARA,100,Dharan,2024-08-07 07:03:06.983
5470,J7,1007197,Province 5,1,TAULIHAWA,100,Bhairahawa,2024-08-07 07:03:06.983
5471,43,1007043,Province 3,1,TEKU,100,Tripureswor,2024-08-07 07:03:06.983
5472,G8,1007168,Province 3,1,THALI,100,Boudha,2024-08-07 07:03:06.983
5473,48,1007048,Province 3,1,THAMEL,100,Thamel,2024-08-07 07:03:06.983
5474,47,1007047,Province 3,1,THANKOT,100,Thankot,2024-08-07 07:03:06.983
5475,S1,1007281,Province 3,1,Thulo Bharyang,100,Tokha,2024-08-07 07:03:06.983
5476,91,1007091,Province 7,1,TIKAPUR,100,Dhangadhi,2024-08-07 07:03:06.983
5477,W0,1007320,Province 3,1,Tinchuli,100,Boudha,2024-08-07 07:03:06.983
5478,D5,1007135,Province 2,1,TINKAURIYA,100,Janakpur,2024-08-07 07:03:06.983
5479,N3,1007233,Province 2,1,TIRUHAT,100,Lahan,2024-08-07 07:03:06.983
5480,G5,1007165,Province 3,1,TOKHA,100,Tokha,2024-08-07 07:03:06.983
5481,I8,1007188,Province 5,1,TRIBHUWAN CHOWK,100,Nepalgunj,2024-08-07 07:03:06.983
5482,01,1007001,Province 3,1,TRIPURESWOR,100,Tripureswor,2024-08-07 07:03:06.983
5483,J5,1007195,Province 3,1,TRISHULI,100,Battar,2024-08-07 07:03:06.983
5484,65,1007065,Province 5,1,TULSIPUR,100,Tulsipur,2024-08-07 07:03:06.983
5485,V8,1007318,Province 3,1,Tyanglaphat,100,Thankot,2024-08-07 07:03:06.983
5486,72,1007072,Province 1,1,URLABARI,100,Damak,2024-08-07 07:03:06.983
5487,L6,1007216,Province 2,1,VISWA,100,Birgunj,2024-08-07 07:03:06.983
5488,62,1007062,Province 4,1,WALING,100,Baglung,2024-08-07 07:03:06.983
