branch_sol_id,branch_open_date,city_code,address1,address2,branch_code,branch_description,state_code,lchg_user_id,lchg_time,province_name,sub_provincial,hub_name,cluster_name
07,2008-09-08T00:00:00.000000,BANEP,BANEPA,,07,BANEPA BRANCH,BAGMA,FINADMIN,2024-07-26 21:27:26+00:00,Province 3,Bagmati 9,Bagmati Province,Rajababu Timalsina
11,2009-01-19T00:00:00.000000,KATHM,CHHETRAPATI BRANCH,,11,CHHETRAPATI BRANCH,BAGMA,FINADMIN,2024-07-26 21:27:26+00:00,Province 3,Bagmati 5,Bagmati Province,Suprim Acharya
13,2009-05-03T00:00:00.000000,KATHM,MAHARAJGUJN,KATHMANDU,13,MAHARAJGUNJ BRANCH,BAGMA,FINADMIN,2024-07-26 21:27:26+00:00,Province 3,Bagmati 3,Bagmati Province,Sanjita Limbu
14,2009-05-03T00:00:00.000000,BHARA,NARAYANGARH,,14,NARAYANGARH BRANCH,NARAY,FINADMIN,2024-07-26 21:27:26+00:00,Province 3,Bagmati 2,Bagmati Province,Drrajendra Neupane
04,2008-06-01T00:00:00.000000,ITAHA,ITAHARI,,04,ITAHARI BRANCH,KOSHI,FINADMIN,2024-07-26 21:27:26+00:00,Province 1,Koshi 2,Koshi Province,Abid Shrestha
06,2008-08-19T00:00:00.000000,KATHM,NEW ROAD BRANCH,KATHMANDU,06,NEW ROAD BRANCH,BAGMA,FINADMIN,2024-07-26 21:27:26+00:00,Province 3,Bagmati 1,Bagmati Province,Saubhagya Dahal
16,2009-05-25T00:00:00.000000,POKHA,CHIPLE DHUNGA,,16,POKHARA BRANCH,GANDA,FINADMIN,2024-07-26 21:27:26+00:00,Province 4,Gandaki 1,Gandaki Province,Hansha Gurung
18,2009-05-25T00:00:00.000000,KATHM,BOUDDHA BRANCH,KATHMANDU,18,BOUDDHA BRANCH,BAGMA,FINADMIN,2024-07-26 21:27:26+00:00,Province 3,Bagmati 4,Bagmati Province,Buddhiraj Tamang
20,2009-05-25T00:00:00.000000,NEPAL,NEPALGUNJ,,20,NEPALGUNJ BRANCH,BHERI,FINADMIN,2024-07-26 21:27:26+00:00,Province 5,Lumbini 6,Lumbini Province,Prabidhi Karki
29,2010-04-05T00:00:00.000000,KATHM,DILLIBAZAR BRANCH,,29,DILLIBAZAR BRANCH,BAGMA,FINADMIN,2024-07-26 21:27:26+00:00,Province 3,Bagmati 5,Bagmati Province,Iwan Shrestha
58,2014-06-01T00:00:00.000000,KALAI,KALAIYA MUNICIPALITY#7,"HAJARI MARKET, BARA",58,KALAIYA BRANCH,NARAY,FINADMIN,2024-07-26 21:27:40+00:00,Province 2,Madhesh 1,Madhesh Province,Ramprawesh Timalsina
60,2014-06-01T00:00:00.000000,KATHM,"KMC#6, SARASWOTI",KATHMANDU,60,KAPAN BRANCH,BAGMA,FINADMIN,2024-07-26 21:27:40+00:00,Province 3,Bagmati 3,Bagmati Province,Akshar Rana
31,2013-06-06T00:00:00.000000,JANAK,JANAKPUR BRANCH,,31,JANAKPUR BRANCH,JANAK,FINADMIN,2024-07-26 21:27:40+00:00,Province 2,Madhesh 5,Madhesh Province,Hemraj Thapa
33,2013-06-06T00:00:00.000000,LALIT,PULCHOWK,,33,PULCHOWK BRANCH,BAGMA,FINADMIN,2024-07-26 21:27:40+00:00,Province 3,Bagmati 8,Bagmati Province,Vawesh Thakuri
35,2013-06-06T00:00:00.000000,SURKH,SURKHET,,35,SURKHET BRANCH,BHERI,FINADMIN,2024-07-26 21:27:40+00:00,Province 6,Surkhet,Karnali Province,Bandana Bhandari
37,2013-06-06T00:00:00.000000,KATHM,BATTISPUTALI,,37,BATTISPUTALI BRANCH,BAGMA,FINADMIN,2024-07-26 21:27:40+00:00,Province 3,Bagmati 7,Bagmati Province,Samarpan Karki
38,2013-06-06T00:00:00.000000,DHANG,DHANGADI CHAURAHA,,38,DHANGADI(CHAURAHA)BRANCH,SETI,FINADMIN,2024-07-26 21:27:40+00:00,Province 7,Dhangadhi,Sudurpaschim Province,Dikpal Regmi
42,2013-06-06T00:00:00.000000,MALAN,MALANGAWA,,42,MALANGAWA BRANCH,JANAK,FINADMIN,2024-07-26 21:27:40+00:00,Province 2,Madhesh 4,Madhesh Province,Pramil Karki
46,2013-06-06T00:00:00.000000,GAUR,GAUR,,46,GAUR BRANCH,NARAY,FINADMIN,2024-07-26 21:27:40+00:00,Province 2,Madhesh 1,Madhesh Province,Swechchha Timalsina
49,2013-06-06T00:00:00.000000,KATHM,NEW BANESWOR,,49,NEW BANESWOR BRANCH,BAGMA,FINADMIN,2024-07-26 21:27:40+00:00,Province 3,Bagmati 7,Bagmati Province,Girijesh Pandey
61,2014-06-08T00:00:00.000000,SIDDH,BHAIRAHAWA,,61,BHAIRAHAWA,LUMBI,FINADMIN,2024-07-26 21:27:43+00:00,Province 5,Lumbini 1,Lumbini Province,Yogeshwar Lama
74,2016-10-04T00:00:00.000000,BAGLU,BAGLUNG-2,SHREENAGAR TOLE,74,BAGLUNG,LUMBI,FINADMIN,2024-07-26 21:27:54+00:00,Province 4,Gandaki 2,Gandaki Province,Karna Maharjan
77,2016-11-03T00:00:00.000000,NAWAL,DEVCHULI MUNCIPAL-13,DALDALE NAWALPARASI,77,DALDALE BRANCH,LUMBI,FINADMIN,2024-07-26 21:27:54+00:00,Province 4,Gandaki 4,Gandaki Province,Neku Yadav
78,2016-11-07T00:00:00.000000,PHIDI,PHIDIM MUNICIPALITY-1,PANCHTHAR,78,PHIDIM BRANCH,MECHI,FINADMIN,2024-07-26 21:27:54+00:00,Province 1,Koshi 3,Koshi Province,Novel Regmi
90,2017-03-14T00:00:00.000000,PALPA,TANSEN MUNICIPALITY-4,SILKHAN TOLE PALPA,90,TANSEN BRANCH,LUMBI,FINADMIN,2024-07-26 21:27:54+00:00,Province 5,Lumbini 4,Lumbini Province,Lalitya Rana
80,2016-11-11T00:00:00.000000,JEETP,GADHIMAI MUNICIPAL-7,"JEETPUR, BARA",80,JEETPUR BRANCH,NARAY,FINADMIN,2024-07-26 21:27:54+00:00,Province 2,Madhesh 1,Madhesh Province,Roshan Lama
81,2017-02-23T00:00:00.000000,GAMGA,GAMGADHI MUGU,"MUGU, KARNALI",81,MUGU BRANCH,MUGU,FINADMIN,2024-07-26 21:27:54+00:00,Province 6,Surkhet,Karnali Province,Shahadev Neupane
85,2017-03-13T00:00:00.000000,JHAPA,BUDHABARE VDC-6,"PAHADI CHOWK, JHAPA",85,BUDHABARE BRANCH,JHAPA,FINADMIN,2024-07-26 21:27:54+00:00,Province 1,Koshi 3,Koshi Province,Rishan Limbu
86,2017-03-13T00:00:00.000000,CHUHA,LAMKI BRANCH,LAMKI MUNICIPAL-2,86,LAMKI BRANCH,KAILA,FINADMIN,2024-07-26 21:27:54+00:00,Province 7,Dhangadhi,Sudurpaschim Province,Namnit Maharjan
73,2016-10-04T00:00:00.000000,KASKI,LEKHANATH -7,TAALCHOWK,73,LEKHANATH,GANDA,FINADMIN,2024-07-26 21:27:54+00:00,Province 4,Gandaki 1,Gandaki Province,Kesav Magar
72,2016-09-12T00:00:00.000000,MORAN,URLABARI MUNCIPALITY 4,ITAHARI ROAD,72,URLABARI,KOSHI,FINADMIN,2024-07-26 21:27:54+00:00,Province 1,Koshi 4,Koshi Province,Miraj Shrestha
62,2014-06-08T00:00:00.000000,WALIN,WALING,,62,WALING,GANDA,FINADMIN,2024-07-26 21:27:54+00:00,Province 4,Gandaki 1,Gandaki Province,Sakhil Karki
65,2014-06-15T00:00:00.000000,TULSI,"BAHINI CHOWK,",DURUWA VDC 4,65,TULSIPUR,RAPTI,FINADMIN,2024-07-26 21:27:54+00:00,Province 5,Lumbini 6,Lumbini Province,Sammriddha Thapa
66,2014-06-15T00:00:00.000000,SIRAH,"MIRCHAIYA BAZAR,",RAMNAGAR MIRCHAIYA,66,MIRCHAIYA,SAGAR,FINADMIN,2024-07-26 21:27:54+00:00,Province 2,Madhesh 3,Madhesh Province,Anoj Rana
67,2014-06-15T00:00:00.000000,JHAPA,"LEKHNATH CHOWK,",CHANDRAGADI,67,CHANDRAGADI,MECHI,FINADMIN,2024-07-26 21:27:54+00:00,Province 1,Koshi 3,Koshi Province,Avineak Dahal
68,2014-06-15T00:00:00.000000,HETAU,KANTIRAJPATH,"HETAUDA, MAKAWANPUR",68,HETAUDA,NARAY,FINADMIN,2024-07-26 21:27:54+00:00,Province 3,Bagmati 2,Bagmati Province,Keith Khadka
AA,2021-04-22T00:00:00.000000,,DIPNAGAR BRANCH,,AA,DIPNAGAR BRANCH,RUPAN,FINADMIN,2024-07-26 21:27:58+00:00,Province 5,Lumbini 3,Lumbini Province,Shamser Rana
92,2017-03-31T00:00:00.000000,GHORA,GOHARI SUB METROPOLITI, 15 DANG,92,GHORAHI BRANCH,RAPTI,FINADMIN,2024-07-26 21:28:08+00:00,Province 5,Lumbini 6,Lumbini Province,Dayahang Limbu
B3,2017-06-13T00:00:00.000000,BAJHA,JAIPRITHIVI MUNCI-10,BAJHANG,B3,BAJHANG BRANCH,SETI,FINADMIN,2024-07-26 21:28:09+00:00,Province 7,Dhangadhi,Sudurpaschim Province,Shreejal Thapa
A2,2017-04-02T00:00:00.000000,LEKHN,LEKHNATH METROPOLITAN,6 LAKESIDE POKHARA,A2,LAKESIDE POKHARA BRANCH,GANDA,FINADMIN,2024-07-26 21:28:09+00:00,Province 4,Gandaki 1,Gandaki Province,Vivid Thapa
A3,2017-04-02T00:00:00.000000,TANAH,SHUKALA GANDAKI MUN-4,DULEGAUDA TANAHUN,A3,DULEGAUDA BRANCH,GANDA,FINADMIN,2024-07-26 21:28:09+00:00,Province 4,Gandaki 3,Gandaki Province,Sanjeeta Khadka
A4,2017-04-02T00:00:00.000000,CHITW,BHARATPUR METROPOLITON,10 HAKIMCHOWK CHITWAN,A4,HAKIM CHOWK BRANCH,NARAY,FINADMIN,2024-07-26 21:28:09+00:00,Province 3,Bagmati 2,Bagmati Province,Ramashankar Neupane
A6,2017-04-24T00:00:00.000000,SALYA,ANNAPURNA GAUNPALIKA 5,SALYAN NAYAPOOL,A6,NAYAPOOL BRANCH,GANDA,FINADMIN,2024-07-26 21:28:09+00:00,Province 4,Gandaki 2,Gandaki Province,Yunik Khadka
B8,2017-06-20T00:00:00.000000,JAJAR,JAJARKOT,,B8,JAJARKOT BRANCH,BHERI,FINADMIN,2024-07-26 21:28:09+00:00,Province 6,Surkhet,Karnali Province,Rupsen Lama
E5,2017-11-06T00:00:00.000000,DHADI,DHADING,,E5,DHADING BESI BRANCH,BAGMA,FINADMIN,2024-07-26 21:28:23+00:00,Province 3,Bagmati 8,Bagmati Province,Jiten Bhandari
C6,2017-09-11T00:00:00.000000,KAILA,GHODAGHODI MUNICI,WARD NO -10 KAILALI,C6,PAHALMANPUR BRANCH,SETI,FINADMIN,2024-07-26 21:28:23+00:00,Province 7,Dhangadhi,Sudurpaschim Province,Masihuddin Karki
D2,2017-09-14T00:00:00.000000,SUNSA,HANSPOSA VDC WARD NO 2,SUNSARI,D2,TARAHARA BRANCH,JANAK,FINADMIN,2024-07-26 21:28:23+00:00,Province 1,Koshi 2,Koshi Province,Nixon Neupane
D3,2017-09-14T00:00:00.000000,MORAN,KANEPOKHARI GAUPALIKA,WARD NO -06 MORANG,D3,RAMAILO BRANCH,KOSHI,FINADMIN,2024-07-26 21:28:23+00:00,Province 1,Koshi 4,Koshi Province,Tularam Lama
D5,2017-10-06T00:00:00.000000,DHANU,TINKAURIYA MUNICIPALIT,DHANUSHA,D5,TINKAURIYA BRANCH,JANAK,FINADMIN,2024-07-26 21:28:23+00:00,Province 2,Madhesh 5,Madhesh Province,Bikku Lama
D6,2017-10-06T00:00:00.000000,MOHAT,LOHARPATTI GAUPALIKA,MAHOTTARI,D6,LOHARPATTI BRANCH,JANAK,FINADMIN,2024-07-26 21:28:23+00:00,Province 2,Madhesh 5,Madhesh Province,Babita Adhikari
D7,2017-10-06T00:00:00.000000,SARLA,KABILASI GAUPALIKA,SARLAHI,D7,KABILASI BRANCH,JANAK,FINADMIN,2024-07-26 21:28:23+00:00,Province 2,Madhesh 4,Madhesh Province,Nischit Timalsina
E1,2017-10-06T00:00:00.000000,MAHOT,SAMSI GAUPALIKA,MAHOTTARI,E1,SAMSI BRANCH,JANAK,FINADMIN,2024-07-26 21:28:23+00:00,Province 2,Madhesh 3,Madhesh Province,Ronit Karki
E4,2017-11-06T00:00:00.000000,TANAH,AABUKHAI,,E4,AABUKHAIRENI BRANCH,GANDA,FINADMIN,2024-07-26 21:28:23+00:00,Province 4,Gandaki 3,Gandaki Province,Ayash Gurung
C3,2017-08-10T00:00:00.000000,KAILA,JOSHIPUR RURAL MUNI-2,,C3,JOSHIPUR BRANCH,SETI,FINADMIN,2024-07-26 21:28:23+00:00,Province 7,Dhangadhi,Sudurpaschim Province,Ghisiawan Dahal
F0,2017-11-07T00:00:00.000000,RUPAN,DEBDAHA MUNI.WARD-12,"SHANKARPUR, RUPANDEHI",F0,SHANKARPUR BRANCH,LUMBI,FINADMIN,2024-07-26 21:28:26+00:00,Province 5,Lumbini 5,Lumbini Province,Kritan Sharma
F1,2017-11-07T00:00:00.000000,RUPAN,TILOTTAMA MUN.WARD-15,"KOTIHAWA, RUPANDEHI",F1,KOTHIHAWA BRANCH,LUMBI,FINADMIN,2024-07-26 21:28:26+00:00,Province 5,Lumbini 1,Lumbini Province,Jageshwor Tamang
G0,2017-11-13T00:00:00.000000,RUPAN,RUPANDEHI,,G0,MANIGRAM 4 NUM BRANCH,LUMBI,FINADMIN,2024-07-26 21:28:37+00:00,Province 5,Lumbini 1,Lumbini Province,Aakish Gurung
H9,2018-01-07T00:00:00.000000,NAWAL,GAIDAKOT,,H9,GAIDAKOT BRANCH,LUMBI,FINADMIN,2024-07-26 21:28:37+00:00,Province 4,Gandaki 4,Gandaki Province,Sugal Regmi
F8,2017-11-13T00:00:00.000000,KAPIL,KAPILVASTU,,F8,JITPUR 4 NUM BRANCH,LUMBI,FINADMIN,2024-07-26 21:28:37+00:00,Province 5,Lumbini 2,Lumbini Province,Bibisha Regmi
H4,2017-12-15T00:00:00.000000,KATH,PANCHKHAL,,H4,PANCHKHAL BRANCH,BAGMA,FINADMIN,2024-07-26 21:28:37+00:00,Province 3,Bagmati 9,Bagmati Province,Wrishav Rana
F6,2017-11-08T00:00:00.000000,RUPAN,RUPANDEHI,,F6,KHAIRENI BRANCH,LUMBI,FINADMIN,2024-07-26 21:28:37+00:00,Province 5,Lumbini 3,Lumbini Province,Srawan Pandey
G3,2017-11-26T00:00:00.000000,KATH,MANAMAIJU,,G3,MANAMAIJU BRANCH,BAGMA,FINADMIN,2024-07-26 21:28:37+00:00,Province 3,Bagmati 3,Bagmati Province,Nimoh Sharma
I2,2018-01-09T00:00:00.000000,CHITW,GEETANAGAR,,I2,GEETANAGAR BRANCH,NARAY,FINADMIN,2024-07-26 21:28:40+00:00,Province 3,Bagmati 2,Bagmati Province,Khum Rai
I0,2018-01-07T00:00:00.000000,LUMBI,DRIVER TOLE,,I0,DRIVER TOLE BRANCH,LUMBI,FINADMIN,2024-07-26 21:28:40+00:00,Province 5,Lumbini 3,Lumbini Province,Aljina Poudel
I1,2018-01-08T00:00:00.000000,KASKI,NAUDANDA,,I1,NAUDANDA BRANCH,GANDA,FINADMIN,2024-07-26 21:28:40+00:00,Province 4,Gandaki 2,Gandaki Province,Jaydeep Poudel
I8,2018-01-28T00:00:00.000000,NEPAL,TRIBHUWAN CHOWK BRANCH,NEPALGUNJ,I8,TRIBHUWAN CHOWK BRANCH,BHERI,FINADMIN,2024-07-26 21:28:51+00:00,Province 5,Lumbini 6,Lumbini Province,Jagdishwor Thapa
J0,2018-01-28T00:00:00.000000,KANCH,PUNARBAS BRANCH KANCHR,,J0,PUNARBAS BRANCH,SETI,FINADMIN,2024-07-26 21:28:51+00:00,Province 7,Dhangadhi,Sudurpaschim Province,Rabison Limbu
J6,2018-02-04T00:00:00.000000,LUMBI,PARASI,,J6,PARASI BRANCH,LUMBI,FINADMIN,2024-07-26 21:28:51+00:00,Province 5,Lumbini 5,Lumbini Province,Drona Yadav
K1,2018-02-04T00:00:00.000000,LUMBI,MAJHGAWA,,K1,MAJHGAWA BRANCH,LUMBI,FINADMIN,2024-07-26 21:28:51+00:00,Province 5,Lumbini 1,Lumbini Province,Him Bhandari
I5,2018-01-09T00:00:00.000000,KANCH,BEDKOT,,I5,BEDKOT BRANCH,SETI,FINADMIN,2024-07-26 21:28:51+00:00,Province 7,Dhangadhi,Sudurpaschim Province,Kreeti Acharya
J9,2018-02-04T00:00:00.000000,LUMBI,LABANI,,J9,LABANI BRANCH,LUMBI,FINADMIN,2024-07-26 21:28:51+00:00,Province 5,Lumbini 2,Lumbini Province,Mdmazammil Timalsina
K6,2018-03-29T00:00:00.000000,NAWAL,SUNWAL,,K6,SUNWAL BRANCH,LUMBI,FINADMIN,2024-07-26 21:28:51+00:00,Province 5,Lumbini 5,Lumbini Province,Swotantra Poudel
K7,2018-03-29T00:00:00.000000,SARLA,BAGMATI,,K7,BAGMATI BRANCH,JANAK,FINADMIN,2024-07-26 21:28:51+00:00,Province 2,Madhesh 4,Madhesh Province,Muna Gurung
K9,2018-03-30T00:00:00.000000,KAPIL,CHANDRAUTA,,K9,CHANDRAUTA BRANCH,LUMBI,FINADMIN,2024-07-26 21:28:51+00:00,Province 5,Lumbini 2,Lumbini Province,Bimanchal Shrestha
L1,2018-03-30T00:00:00.000000,JHAPA,CHARPANE,,L1,CHARPANE BRANCH,MECHI,FINADMIN,2024-07-26 21:28:54+00:00,Province 1,Koshi 3,Koshi Province,Diwos Acharya
N4,2018-05-30T00:00:00.000000,POKHA,KRISHI,,N4,KRISHI BRANCH,GANDA,FINADMIN,2024-07-26 21:29:05+00:00,Province 4,Gandaki 1,Gandaki Province,Lumani Dahal
N1,2018-05-30T00:00:00.000000,JAGAH,JAGARNATHPUR,,N1,JAGARNATHPUR BRANCH,NARAY,FINADMIN,2024-07-26 21:29:05+00:00,Province 2,Madhesh 1,Madhesh Province,Shreeyans Limbu
M2,2018-04-27T00:00:00.000000,BARA,PHETA,,M2,PHETA BRANCH,NARAY,FINADMIN,2024-07-26 21:29:05+00:00,Province 2,Madhesh 1,Madhesh Province,Baikuntha Tamang
L8,2018-04-26T00:00:00.000000,BANKE,JANAKI GAUPALIKA,,L8,JANAKI GAUPALIKA BRANCH,BHERI,FINADMIN,2024-07-26 21:29:05+00:00,Province 5,Lumbini 6,Lumbini Province,Bhimarjun Yadav
N7,2018-05-30T00:00:00.000000,JANAK,CHAKRAGHATTA,,N7,CHAKRAGHATTA BRANCH,JANAK,FINADMIN,2024-07-26 21:29:05+00:00,Province 2,Madhesh 4,Madhesh Province,Gyawali Rai
N5,2018-05-30T00:00:00.000000,RUKUM,DALLIBAZAR,,N5,DALLIBAZAR BRANCH,BHERI,FINADMIN,2024-07-26 21:29:05+00:00,Province 6,Surkhet,Karnali Province,Anis Poudel
N2,2018-05-30T00:00:00.000000,JANAK,SAGHARA,,N2,SAGHARA BRANCH,JANAK,FINADMIN,2024-07-26 21:29:05+00:00,Province 2,Madhesh 5,Madhesh Province,Deshmuka Thapa
O1,2018-07-12T00:00:00.000000,GARUD,GARUDA,,O1,GARUDA BRANCH,NARAY,FINADMIN,2024-07-26 21:29:08+00:00,Province 2,Madhesh 2,Madhesh Province,Niramal Neupane
Q4,2018-10-10T00:00:00.000000,CHITW,BASENI,,Q4,BASENI BRANCH,NARAY,FINADMIN,2024-07-26 21:29:19+00:00,Province 3,Bagmati 2,Bagmati Province,Nandeshwor Regmi
Q7,2018-10-12T00:00:00.000000,PARSA,POWERHOUSE,,Q7,POWERHOUSE CHOWK-BIRGUNJ BRANCH,NARAY,FINADMIN,2024-07-26 21:29:19+00:00,Province 2,Madhesh 1,Madhesh Province,Shanshray Lama
O8,2018-07-13T00:00:00.000000,KATH,CHABAHIL,,O8,CHABAHIL BRANCH,BAGMA,FINADMIN,2024-07-26 21:29:19+00:00,Province 3,Bagmati 4,Bagmati Province,Aaditya Poudel
O3,2018-07-12T00:00:00.000000,INARU,INARUWA,,O3,INARUWA BRANCH,KOSHI,FINADMIN,2024-07-26 21:29:19+00:00,Province 1,Koshi 2,Koshi Province,Sasmit Karki
Q5,2018-10-11T00:00:00.000000,NIJGA,NIJGADH MUNICI WARD NO,8 NIJGADH,Q5,NIJGADH BRANCH,NARAY,FINADMIN,2024-07-26 21:29:19+00:00,Province 2,Madhesh 2,Madhesh Province,Avilash Pandey
O5,2018-07-12T00:00:00.000000,MORAH,RANI,,O5,RANI MILLS AREA BRANCH,KOSHI,FINADMIN,2024-07-26 21:29:19+00:00,Province 1,Koshi 1,Koshi Province,Amber Rana
P7,2018-09-07T00:00:00.000000,KASKI,BUDHIBAZAR,,P7,BUDHIBAZAR BRANCH,GANDA,FINADMIN,2024-07-26 21:29:19+00:00,Province 4,Gandaki 1,Gandaki Province,Prajaya Poudel
S2,2019-03-14T00:00:00.000000,KATHM,KADAGHARI,,S2,KADAGHARI BRANCH,BAGMA,FINADMIN,2024-07-26 21:29:33+00:00,Province 3,Bagmati 4,Bagmati Province,Binit Bhattarai
S7,2019-04-29T00:00:00.000000,TAPLE,TAPLEJUNG,,S7,FUNGLING BRANCH,MECHI,FINADMIN,2024-07-26 21:29:33+00:00,Province 1,Koshi 3,Koshi Province,Jonsan Magar
T8,2019-07-04T00:00:00.000000,,SRINAGAR BRANCH,,T8,SRINAGAR BRANCH,SALYA,FINADMIN,2024-07-26 21:29:33+00:00,Province 6,Surkhet,Karnali Province,Shulaxan Rai
T7,2019-07-15T00:00:00.000000,ROLPA,LIWANG BRANCH,,T7,LIWANG BRANCH,ROLPA,FINADMIN,2024-07-26 21:29:33+00:00,Province 5,Lumbini 6,Lumbini Province,Arbin Poudel
S0,2019-01-10T00:00:00.000000,KATHM,GONGABUKATHMANDU,,S0,GONGABU BRANCH,BAGMA,FINADMIN,2024-07-26 21:29:33+00:00,Province 3,Bagmati 3,Bagmati Province,Ratneshwar Dahal
T2,2019-07-11T00:00:00.000000,BAITA,PATAN,,T2,PATAN BRANCH,BAITA,FINADMIN,2024-07-26 21:29:33+00:00,Province 7,Dhangadhi,Sudurpaschim Province,Shrameeka Yadav
T5,2019-07-13T00:00:00.000000,,DIKTEL,,T5,DIKTEL BRACH,KHOTA,FINADMIN,2024-07-26 21:29:33+00:00,Province 1,Koshi 5,Koshi Province,Raghuveer Rana
S1,2019-03-14T00:00:00.000000,,THULO BHARYANG,,S1,THULO BHARYANG BRANCH,KATHM,FINADMIN,2024-07-26 21:29:33+00:00,Province 3,Bagmati 7,Bagmati Province,Abishec Thapa
U1,2019-09-04T00:00:00.000000,KATHM,GYANESHWOR,,U1,GYANESHWOR BRANCH,KATHM,FINADMIN,2024-07-26 21:29:37+00:00,Province 3,Bagmati 1,Bagmati Province,Mibek Shrestha
U2,2019-08-21T00:00:00.000000,LALIT,LAGENKHEL,,U2,LAGENKHEL BRANCH,LALIT,FINADMIN,2024-07-26 21:29:37+00:00,Province 3,Bagmati 8,Bagmati Province,Afjal Sharma
U6,2019-09-22T00:00:00.000000,KATHM,SWAYAMBHU KATHMANDU,,U6,SWAYAMBHU BRANCH,KATHM,FINADMIN,2024-07-26 21:29:47+00:00,Province 3,Bagmati 7,Bagmati Province,Prerak Bhandari
V0,2019-10-19T00:00:00.000000,KATHM,DURBARMARGA KATHMANDU,KATHM,V0,DURBARMARGA BRANCH,KATHM,FINADMIN,2024-07-26 21:29:47+00:00,Province 3,Bagmati 1,Bagmati Province,Sadhana Acharya
W7,2020-05-13T00:00:00.000000,RAUTA,KATAHARIYA MUNICIPALITY,,W7,KATAHARIYA MUNICIPALITY,RAUTH,FINADMIN,2024-07-26 21:29:47+00:00,Province 2,Madhesh 4,Madhesh Province,Subedi Gurung
W1,2020-02-13T00:00:00.000000,KATHM,KALOPUL KATHMANDU,,W1,KALOPUL BRANCH,KATHM,FINADMIN,2024-07-26 21:29:47+00:00,Province 3,Bagmati 1,Bagmati Province,Ashim Acharya
U9,2019-09-22T00:00:00.000000,SURKH,JUMLAROAD SURKHET,,U9,JUMLAROAD BRANCH,SURKH,FINADMIN,2024-07-26 21:29:47+00:00,Province 6,Surkhet,Karnali Province,Sarb Bhandari
V9,2020-02-13T00:00:00.000000,KATHM,GOKARNESHWOR MUNICIPALITY WARD NO 01 KTM,,V9,SUNDARIJAL BRANCH,KATHM,FINADMIN,2024-07-26 21:29:48+00:00,Province 3,Bagmati 4,Bagmati Province,Yojan Gurung
V5,2019-12-20T00:00:00.000000,KATH,NAGPOKHARI KATHMANDU,,V5,NAGPOKHARI BRANCH,KATHM,FINADMIN,2024-07-26 21:29:48+00:00,Province 3,Bagmati 5,Bagmati Province,Ashwini Gurung
W6,2020-05-13T00:00:00.000000,SARLA,HARIPUR MUNICIPALITY,,W6,HARIPUR MUNICIPALITY,SARLA,FINADMIN,2024-07-26 21:29:48+00:00,Province 2,Madhesh 3,Madhesh Province,Yuresh Thapa
00,2007-01-01T00:00:00.000000,KATHM,TRIPURESHWOR,"KATHMANDU, NEPAL",00,HEAD OFFICE,BAGMA,FINADMIN,2024-07-26 21:29:54+00:00,Registered Office,Registered Office,Registered Office,Registered Office
X7,2021-01-04T00:00:00.000000,KATH,BUDHANILKANTHA,BUDHANILKANTHA,X7,BUDHANILKANTHA BRANCH,KATHM,FINADMIN,2024-07-26 21:30:02+00:00,Province 3,Bagmati 3,Bagmati Province,Shamvab Regmi
Y2,2021-01-05T00:00:00.000000,SARLA,BALARA,,Y2,BALARA BRANCH,JANAK,FINADMIN,2024-07-26 21:30:02+00:00,Province 2,Madhesh 4,Madhesh Province,Dukhi Poudel
Z7,2021-04-22T00:00:00.000000,,PURANO NAIKAP BRANCH,,Z7,PURANO NAIKAP BRANCH,KATHM,FINADMIN,2024-07-26 21:30:02+00:00,Province 3,Bagmati 7,Bagmati Province,Abinath Adhikari
Y7,2021-02-24T00:00:00.000000,BHAKT,KHADICHAUR,"BALEFI GAUNPALIKA, WARD NO. 05",Y7,BALEFI BRANCH,BHAKT,FINADMIN,2024-07-26 21:30:02+00:00,Province 3,Bagmati 9,Bagmati Province,Aalok Thakuri
Z5,2021-02-24T00:00:00.000000,KAILA,KAILARI GAUPALIKA-01,"HASULIYA, KAILALI",Z5,HASULIYA BRANCH,KAILA,FINADMIN,2024-07-26 21:30:02+00:00,Province 7,Dhangadhi,Sudurpaschim Province,Sudhansu Thapa
X5,2020-12-09T00:00:00.000000,RUPAN,TILOTAMMA MUNICIPALITY WARD NO  03  RUPANDEH,,X5,DINGARNAGAR BRANCH,RUPAN,FINADMIN,2024-07-26 21:30:02+00:00,Province 5,Lumbini 3,Lumbini Province,Chhabiraj Neupane
01,2007-09-12T00:00:00.000000,KATHM,TRIPURESHWOR,,01,TRIPURESWOR,BAGMA,FINADMIN,2024-07-26 21:27:26+00:00,Province 3,Bagmati 5,Bagmati Province,Jen Thapa
08,2008-09-08T00:00:00.000000,BHAKT,BHAKTAPUR BRANCH,,08,BHAKTAPUR BRANCH,BAGMA,FINADMIN,2024-07-26 21:27:26+00:00,Province 3,Bagmati 4,Bagmati Province,Pranij Poudel
10,2008-09-21T00:00:00.000000,KATHM,KALANKI BRANCH,,10,KALANKI BRANCH,BAGMA,FINADMIN,2024-07-26 21:27:26+00:00,Province 3,Bagmati 6,Bagmati Province,Gambheer Karki
21,2009-07-01T00:00:00.000000,BHAKT,KAUSALTAR,,21,KAUSALTAR BRANCH,BAGMA,FINADMIN,2024-07-26 21:27:26+00:00,Province 3,Bagmati 4,Bagmati Province,Tshetish Sharma
05,2008-06-04T00:00:00.000000,ILAM,ILAM BRANCH,,05,ILAM BRANCH,MECHI,FINADMIN,2024-07-26 21:27:26+00:00,Province 1,Koshi 3,Koshi Province,Nawal Poudel
15,2009-05-25T00:00:00.000000,BUTWA,TRAFFIC CHOWK,,15,BUTWAL BRANCH,LUMBI,FINADMIN,2024-07-26 21:27:26+00:00,Province 5,Lumbini 4,Lumbini Province,Hrisheekesh Bhandari
17,2009-05-25T00:00:00.000000,KATHM,SAMAKHUSHI  BRANCH,,17,SAMAKHUSHI BRANCH,BAGMA,FINADMIN,2024-07-26 21:27:26+00:00,Province 3,Bagmati 3,Bagmati Province,Surojan Lama
22,2009-08-31T00:00:00.000000,BIRGU,BIRGUNJ,,22,BIRGUNJ BRANCH,NARAY,FINADMIN,2024-07-26 21:27:26+00:00,Province 2,Madhesh 1,Madhesh Province,Humacanta Magar
26,2010-03-16T00:00:00.000000,LALIT,GWARKO,LALITPUR,26,GWARKO BRANCH,BAGMA,FINADMIN,2024-07-26 21:27:26+00:00,Province 3,Bagmati 6,Bagmati Province,Timilsina Pandey
27,2010-03-16T00:00:00.000000,LALIT,KHUMALTAR BRANCH,LALITPUR,27,KHUMALTAR BRANCH,BAGMA,FINADMIN,2024-07-26 21:27:26+00:00,Province 3,Bagmati 8,Bagmati Province,Srija Rai
28,2010-04-05T00:00:00.000000,KATHM,SUKEDHRA BRANCH,,28,SUKEDHARA BRANCH,BAGMA,FINADMIN,2024-07-26 21:27:26+00:00,Province 3,Bagmati 3,Bagmati Province,Bashuki Karki
51,2013-06-06T00:00:00.000000,LAMAH,LAMAHI,,51,LAMAHI BRANCH,RAPTI,FINADMIN,2024-07-26 21:27:40+00:00,Province 5,Lumbini 6,Lumbini Province,Dhirendra Timalsina
52,2013-06-06T00:00:00.000000,SIRAH,SIRAHA,,52,SIRAHA BRANCH,SAGAR,FINADMIN,2024-07-26 21:27:40+00:00,Province 2,Madhesh 6,Madhesh Province,Shashindra Magar
54,2013-06-26T00:00:00.000000,KATHM,THAPATHALI,,54,CORPORATE OFFICE BRANCH,BAGMA,FINADMIN,2024-07-26 21:27:40+00:00,Province 3,Bagmati 1,Bagmati Province,Praswish Dahal
55,2014-06-01T00:00:00.000000,KATHM,"KMC#16, BALAJU CHOWK",KATHMANDU,55,BALAJU BRANCH,BAGMA,FINADMIN,2024-07-26 21:27:40+00:00,Province 3,Bagmati 4,Bagmati Province,Adarsh Bhattarai
56,2014-06-01T00:00:00.000000,BIRAC,"INDRAPUR VDC#3,","BIRATCHOWK, MORANG",56,BIRATCHOWK BRANCH,KOSHI,FINADMIN,2024-07-26 21:27:40+00:00,Province 1,Koshi 2,Koshi Province,Kalyan Dahal
34,2013-06-06T00:00:00.000000,DAMAK,DAMAK,,34,DAMAK BRANCH,MECHI,FINADMIN,2024-07-26 21:27:40+00:00,Province 1,Koshi 4,Koshi Province,Sanju Magar
47,2013-06-06T00:00:00.000000,KATHM,THANKOT,,47,THANKOT BRANCH,BAGMA,FINADMIN,2024-07-26 21:27:40+00:00,Province 3,Bagmati 6,Bagmati Province,Prasanga Lama
48,2013-06-06T00:00:00.000000,KATHM,THAMEL,,48,THAMEL BRANCH,BAGMA,FINADMIN,2024-07-26 21:27:40+00:00,Province 3,Bagmati 5,Bagmati Province,Jayson Limbu
50,2013-06-06T00:00:00.000000,ARGHA,ARGHAKHANCHI,,50,ARGHAKHANCHI BRANCH,LUMBI,FINADMIN,2024-07-26 21:27:40+00:00,Province 5,Lumbini 2,Lumbini Province,Suchitra Thapa
79,2016-11-07T00:00:00.000000,KUSMA,KUSHMA MUNICIPALITY-10,PARBAT,79,KUSHMA BRANCH,DHAUL,FINADMIN,2024-07-26 21:27:54+00:00,Province 4,Gandaki 2,Gandaki Province,Amoda Thakuri
84,2017-03-13T00:00:00.000000,PATHR,PATHARI MUNICIPALITY-1,PATHARI MORANG,84,PATHARI BRANCH,MORAN,FINADMIN,2024-07-26 21:27:54+00:00,Province 1,Koshi 4,Koshi Province,Parivesh Yadav
87,2017-03-14T00:00:00.000000,JHAPA,GAURADAHA MUNICIPALITY,DIPU CHOWK-4 JHAPA,87,GAURADAHA BRANCH,MECHI,FINADMIN,2024-07-26 21:27:54+00:00,Province 1,Koshi 4,Koshi Province,Loken Neupane
69,2016-09-12T00:00:00.000000,MORAH,TANKI SINWARI V.D.C.-3,"PUSPALAL CHOWK, MORANG",69,PUSPALAL CHOWK,KOSHI,FINADMIN,2024-07-26 21:27:54+00:00,Province 1,Koshi 1,Koshi Province,Rajoj Lama
76,2016-10-21T00:00:00.000000,NAWAL,KAWASOTI MUNICI- 8,NAWALPARASI,76,KAWASOTI BRANCH,LUMBI,FINADMIN,2024-07-26 21:27:54+00:00,Province 4,Gandaki 4,Gandaki Province,Arnold Bhandari
64,2014-06-08T00:00:00.000000,KATHM,GOLFUTAR,,64,GOLFUTAR,BAGMA,FINADMIN,2024-07-26 21:27:54+00:00,Province 3,Bagmati 3,Bagmati Province,Mikma Maharjan
91,2017-03-31T00:00:00.000000,TIKAP,TIKAPUR MUNICIPALITY 1,KAILALI,91,TIKAPUR BRANCH,SETI,FINADMIN,2024-07-26 21:27:57+00:00,Province 7,Dhangadhi,Sudurpaschim Province,Awadesh Dahal
99,2014-03-19T00:00:00.000000,PALPA,RIBDIKOT PALPA,,99,RIBDIKOT BRANCH,LUMBI,FINADMIN,2024-07-26 21:27:58+00:00,Province 5,Lumbini 4,Lumbini Province,Bishwajeet Sharma
93,2017-03-31T00:00:00.000000,SAUAR,SUDDODHAN GAUNPALIKA,4 SAURAHA PHARSATIKAR,93,SAURAHA PHARSATIKAR BRANCH,LUMBI,FINADMIN,2024-07-26 21:28:08+00:00,Province 5,Lumbini 3,Lumbini Province,Tanbir Limbu
B4,2017-06-13T00:00:00.000000,BAJUR,BAJURA,,B4,BAJURA BRANCH,SETI,FINADMIN,2024-07-26 21:28:09+00:00,Province 7,Dhangadhi,Sudurpaschim Province,Bishweshwar Tamang
B5,2017-06-13T00:00:00.000000,DARCH,MAHAKALI MUNCI-4,DARCHULA,B5,DARCHULA BRANCH,MAHAK,FINADMIN,2024-07-26 21:28:09+00:00,Province 7,Dhangadhi,Sudurpaschim Province,Abhimanu Lama
B6,2017-06-13T00:00:00.000000,BHOJP,BHOJPUR MUNCI-7,BHOJPUR,B6,BHOJPUR BRANCH,KOSHI,FINADMIN,2024-07-26 21:28:09+00:00,Province 1,Koshi 6,Koshi Province,Siraj Bhattarai
A1,2017-04-02T00:00:00.000000,CHITW,RATNANAGAR MUNICIPALIT,2 BAKULAHAR CHITWAN,A1,TANDI BRANCH,NARAY,FINADMIN,2024-07-26 21:28:09+00:00,Province 3,Bagmati 2,Bagmati Province,Nitish Poudel
C0,2017-06-20T00:00:00.000000,JUMLA,JUMLA,,C0,JUMLA BRANCH,KARNA,FINADMIN,2024-07-26 21:28:12+00:00,Province 6,Surkhet,Karnali Province,Bakhat Yadav
C1,2017-07-06T00:00:00.000000,MOHAT,BARDIBAS,,C1,BARDIBAS BRANCH,JANAK,FINADMIN,2024-07-26 21:28:12+00:00,Province 2,Madhesh 3,Madhesh Province,Tapaeshwar Bhandari
C8,2017-09-11T00:00:00.000000,MORAN,KERABARI GAUPALIKA,WARD NO -8 MORANG,C8,KERABARI BRANCH,KOSHI,FINADMIN,2024-07-26 21:28:23+00:00,Province 1,Koshi 2,Koshi Province,Samridha Neupane
C9,2017-09-12T00:00:00.000000,JHAPA,MECHINAGAR MUNICI,WARD NO -01 JHAPA,C9,DULABARI BRANCH,MECHI,FINADMIN,2024-07-26 21:28:23+00:00,Province 1,Koshi 3,Koshi Province,Tasi Karki
D1,2017-09-12T00:00:00.000000,JHAPA,SHIVASATAKSHI MUNICI,WARD NO -01 JHAPA,D1,JHILJHILE BRANCH,MECHI,FINADMIN,2024-07-26 21:28:23+00:00,Province 1,Koshi 4,Koshi Province,Lakshmi Neupane
E6,2017-11-06T00:00:00.000000,TANAH,TANAHUN,,E6,DUMRE BRANCH,GANDA,FINADMIN,2024-07-26 21:28:23+00:00,Province 4,Gandaki 3,Gandaki Province,Keron Regmi
E8,2017-11-06T00:00:00.000000,LAMJU,LAMJUNG,,E8,BESHISAHAR BRANCH,GANDA,FINADMIN,2024-07-26 21:28:23+00:00,Province 4,Gandaki 3,Gandaki Province,Chhakka Rai
C5,2017-09-11T00:00:00.000000,SINDH,KAMALAMAI MUNCI,WARD -6 SINDHULI,C5,SINDHULIMADI BRANCH,JANAK,FINADMIN,2024-07-26 21:28:23+00:00,Province 3,Bagmati 9,Bagmati Province,Shiv Bhandari
D8,2017-10-06T00:00:00.000000,SARLA,HARIPURWA MUNICIPALITY,SARLAHI,D8,HARIPURWA BRANCH,JANAK,FINADMIN,2024-07-26 21:28:23+00:00,Province 2,Madhesh 3,Madhesh Province,Basanta Tamang
E3,2017-11-06T00:00:00.000000,RUPAN,RUPAN,,E3,BHALWADI BRANCH,LUMBI,FINADMIN,2024-07-26 21:28:23+00:00,Province 5,Lumbini 1,Lumbini Province,Khyam Magar
G9,2017-12-14T00:00:00.000000,KATH,DUWAKOT,,G9,DUWAKOT BRANCH,BAGMA,FINADMIN,2024-07-26 21:28:37+00:00,Province 3,Bagmati 4,Bagmati Province,Sushan Pandey
H0,2017-12-14T00:00:00.000000,KATH,BALKOT,,H0,BALKOT BRANCH,BAGMA,FINADMIN,2024-07-26 21:28:37+00:00,Province 3,Bagmati 4,Bagmati Province,Saman Pandey
H3,2017-12-15T00:00:00.000000,KATH,DHULIKHEL,,H3,DHULIKHEL BRANCH,BAGMA,FINADMIN,2024-07-26 21:28:37+00:00,Province 3,Bagmati 9,Bagmati Province,Dharmachandra Shrestha
H6,2018-01-05T00:00:00.000000,KAPIL,PAKADI,,H6,PAKADI BRANCH,LUMBI,FINADMIN,2024-07-26 21:28:37+00:00,Province 5,Lumbini 2,Lumbini Province,Bom Gurung
H8,2018-01-07T00:00:00.000000,DIPAY,DIPAYAL,,H8,DIPAYAL BRANCH,SETI,FINADMIN,2024-07-26 21:28:37+00:00,Province 7,Dhangadhi,Sudurpaschim Province,Bodh Neupane
F9,2017-11-13T00:00:00.000000,KAPIL,KAPILVASTU,,F9,IMILIYA BRANCH,LUMBI,FINADMIN,2024-07-26 21:28:37+00:00,Province 5,Lumbini 2,Lumbini Province,Aazad Rai
F3,2017-11-07T00:00:00.000000,NAWAL,PARTAPPUR GAUNPALIKA,WARD NO.02,F3,GOPIGUNJ BRANCH,LUMBI,FINADMIN,2024-07-26 21:28:37+00:00,Province 5,Lumbini 5,Lumbini Province,Kshityz Khadka
F5,2017-11-08T00:00:00.000000,NAWAL,NAWALPARASI,,F5,ARUNKHOLA BRANCH,LUMBI,FINADMIN,2024-07-26 21:28:37+00:00,Province 4,Gandaki 4,Gandaki Province,Grishma Sharma
G7,2017-12-11T00:00:00.000000,BHIMF,BHIMPHEDI GAUNPALIKA,WARD NO. 06,G7,BHIMPHEDI BRANCH,NARAY,FINADMIN,2024-07-26 21:28:37+00:00,Province 3,Bagmati 2,Bagmati Province,Christopher Acharya
J4,2018-02-01T00:00:00.000000,KATH,KHADICHAUR,,J4,KHADICHAUR BRANCH,BAGMA,FINADMIN,2024-07-26 21:28:51+00:00,Province 3,Bagmati 9,Bagmati Province,Joram Rana
J7,2018-02-04T00:00:00.000000,LUMBI,TAULIHAWA,,J7,TAULIHAWA BRANCH,LUMBI,FINADMIN,2024-07-26 21:28:51+00:00,Province 5,Lumbini 2,Lumbini Province,Kaushtup Yadav
K3,2018-02-04T00:00:00.000000,JHAPA,KACHANKAWAL,,K3,KACHANKAWAL BRANCH,MECHI,FINADMIN,2024-07-26 21:28:51+00:00,Province 1,Koshi 3,Koshi Province,Bikru Timalsina
K8,2018-03-29T00:00:00.000000,SARLA,BARATHWA,,K8,BARATHWA BRANCH,JANAK,FINADMIN,2024-07-26 21:28:51+00:00,Province 2,Madhesh 4,Madhesh Province,Hritik Gurung
J1,2018-01-31T00:00:00.000000,KATH,MAHADEVBESI,,J1,MAHADEVBESI BRANCH,BAGMA,FINADMIN,2024-07-26 21:28:51+00:00,Province 3,Bagmati 6,Bagmati Province,Bishwanand Yadav
J2,2018-01-31T00:00:00.000000,KATH,DHARKE,,J2,DHARKE BRANCH,BAGMA,FINADMIN,2024-07-26 21:28:51+00:00,Province 3,Bagmati 6,Bagmati Province,Biswok Sharma
J3,2018-02-01T00:00:00.000000,KATH,BETRAWATI,,J3,BETRAWATI BRANCH,BAGMA,FINADMIN,2024-07-26 21:28:51+00:00,Province 3,Bagmati 8,Bagmati Province,Vishan Neupane
J5,2018-02-01T00:00:00.000000,KATH,TRISHULI,,J5,TRISHULI BRANCH,BAGMA,FINADMIN,2024-07-26 21:28:51+00:00,Province 3,Bagmati 8,Bagmati Province,Thaman Neupane
K0,2018-02-04T00:00:00.000000,LUMBI,TAMGHAS,,K0,TAMGHAS BRANCH,LUMBI,FINADMIN,2024-07-26 21:28:51+00:00,Province 5,Lumbini 4,Lumbini Province,Tulshi Tamang
K2,2018-02-04T00:00:00.000000,JHAPA,JHAPA BAZAR,,K2,JHAPA BAZAR BRANCH,MECHI,FINADMIN,2024-07-26 21:28:51+00:00,Province 1,Koshi 4,Koshi Province,Manoj Dahal
L0,2018-03-30T00:00:00.000000,JHAPA,SURUNGA,,L0,SURUNGA BRANCH,MECHI,FINADMIN,2024-07-26 21:28:54+00:00,Province 1,Koshi 3,Koshi Province,Kandel Poudel
N6,2018-05-30T00:00:00.000000,SAPTA,MAHADEVA,,N6,MAHADEVA BRANCH,SAGAR,FINADMIN,2024-07-26 21:29:05+00:00,Province 2,Madhesh 6,Madhesh Province,Bishodeep Dahal
N3,2018-05-30T00:00:00.000000,SAPTA,TIRAHUT,,N3,TIRAHUT BRANCH,SAGAR,FINADMIN,2024-07-26 21:29:05+00:00,Province 2,Madhesh 6,Madhesh Province,Aanand Thapa
N0,2018-05-10T00:00:00.000000,MORAN,MORANG,,N0,ROADCESS CHOWK BRANCH,KOSHI,FINADMIN,2024-07-26 21:29:05+00:00,Province 1,Koshi 1,Koshi Province,Sadrish Poudel
L6,2018-04-26T00:00:00.000000,PARSA,CHIPPARMAI GAUPALIKA,,L6,CHIPPARMAI GAUPALIKA BRANCH,NARAY,FINADMIN,2024-07-26 21:29:05+00:00,Province 2,Madhesh 1,Madhesh Province,Sixit Shrestha
L4,2018-04-25T00:00:00.000000,MORAN,BIRATNAGAR MAIN ROAD,,L4,BIRATNAGAR MAIN ROAD BRANCH,KOSHI,FINADMIN,2024-07-26 21:29:05+00:00,Province 1,Koshi 1,Koshi Province,Baidehi Shrestha
M9,2018-04-29T00:00:00.000000,BHOJP,BHOJPUR,,M9,DINGLA BRANCH,KOSHI,FINADMIN,2024-07-26 21:29:05+00:00,Province 1,Koshi 6,Koshi Province,Ramshohag Regmi
N9,2018-06-12T00:00:00.000000,SIRAH,GOLBAZAR,,N9,GOLBAZAR BRANCH,SAGAR,FINADMIN,2024-07-26 21:29:05+00:00,Province 2,Madhesh 6,Madhesh Province,Thumb Gurung
M0,2018-04-26T00:00:00.000000,BANKE,BAIJANATH GAUPALIKA,,M0,BAIJANATH GAUPALIKA BRANCH,BHERI,FINADMIN,2024-07-26 21:29:05+00:00,Province 5,Lumbini 6,Lumbini Province,Deepen Dahal
M1,2018-04-27T00:00:00.000000,DANG,RAJPUR,,M1,RAJPUR GAUPALIKA BRANCH,BHERI,FINADMIN,2024-07-26 21:29:05+00:00,Province 5,Lumbini 6,Lumbini Province,Ananta Rana
M3,2018-04-27T00:00:00.000000,MORAN,BELBARI,,M3,BELBARI BRANCH,KOSHI,FINADMIN,2024-07-26 21:29:05+00:00,Province 1,Koshi 2,Koshi Province,Ujjwan Thakuri
M7,2018-04-27T00:00:00.000000,TERAT,MYANGLUNG,,M7,MYANGLUNG BRANCH,KOSHI,FINADMIN,2024-07-26 21:29:05+00:00,Province 1,Koshi 6,Koshi Province,Suyash Dahal
O0,2018-07-12T00:00:00.000000,LUMBI,BELBAS,,O0,BELBAS BRANCH,LUMBI,FINADMIN,2024-07-26 21:29:08+00:00,Province 5,Lumbini 4,Lumbini Province,Harak Dahal
Q9,2018-10-09T00:00:00.000000,SAPTA,SAPTAKOSHI MUNICI WARD,NO 01 FATTEPUR SAPTARI,Q9,FATTEPUR BRANCH,SAGAR,FINADMIN,2024-07-26 21:29:19+00:00,Province 2,Madhesh 6,Madhesh Province,Vishal Magar
P9,2018-09-16T00:00:00.000000,KASKI,BAJHAPATAN,,P9,BAJHAPATAN BRANCH,DHAUL,FINADMIN,2024-07-26 21:29:19+00:00,Province 4,Gandaki 1,Gandaki Province,Chayan Regmi
P6,2018-09-06T00:00:00.000000,BUTWA,BUTWAL SUB METRO.,"WARD NO 11,DEVINAGAR",P6,DEVINAGAR BRANCH,LUMBI,FINADMIN,2024-07-26 21:29:19+00:00,Province 5,Lumbini 3,Lumbini Province,Poba Thakuri
P5,2018-09-06T00:00:00.000000,DAMAK,DAMAK MUNI. WARD NO 05,DAMAK BAZAR,P5,DAMAK CHOWK BRANCH,MECHI,FINADMIN,2024-07-26 21:29:19+00:00,Province 1,Koshi 4,Koshi Province,Sharbajit Bhattarai
P4,2018-07-15T00:00:00.000000,ITAHA,PACHRUKI,,P4,PACHRUKI BRANCH,KOSHI,FINADMIN,2024-07-26 21:29:19+00:00,Province 1,Koshi 2,Koshi Province,Nam Magar
P1,2018-07-13T00:00:00.000000,CHITW,SAURAHA,,P1,SAURAHA BRANCH,NARAY,FINADMIN,2024-07-26 21:29:19+00:00,Province 3,Bagmati 2,Bagmati Province,Shanker Lama
O9,2018-07-13T00:00:00.000000,KATH,KOTESHWOR,,O9,KOTESHWOR BRANCH,BAGMA,FINADMIN,2024-07-26 21:29:19+00:00,Province 3,Bagmati 7,Bagmati Province,Salman Rai
Q2,2018-09-16T00:00:00.000000,KASKI,AMARSINGH CHOWK,,Q2,AMARSINGH CHOWK BRANCH,DHAUL,FINADMIN,2024-07-26 21:29:19+00:00,Province 4,Gandaki 1,Gandaki Province,Shreejan Yadav
Q8,2018-10-10T00:00:00.000000,KATAH,KATARI,,Q8,KATARI BRANCH,SAGAR,FINADMIN,2024-07-26 21:29:19+00:00,Province 1,Koshi 5,Koshi Province,Aawaz Lama
O4,2018-07-12T00:00:00.000000,PRAKA,PRAKASHPUR,,O4,PRAKASHPUR BRANCH,KOSHI,FINADMIN,2024-07-26 21:29:19+00:00,Province 1,Koshi 2,Koshi Province,Anurag Bhandari
R2,2018-09-16T00:00:00.000000,JANAK,BAILBAS,,R2,BAILBAS BRANCH,JANAK,FINADMIN,2024-07-26 21:29:22+00:00,Province 2,Madhesh 3,Madhesh Province,Mishal Dahal
R1,2018-10-09T00:00:00.000000,MAHOT,GAUSHALA MINICI WARD 5,GAUSHALA MAHOTTARI,R1,GAUSHALA BRANCH,JANAK,FINADMIN,2024-07-26 21:29:22+00:00,Province 2,Madhesh 3,Madhesh Province,Shalik Thakuri
R0,2018-10-11T00:00:00.000000,DHANU,CHIRESHWORNATH MUNICIO,NO 5 MAHENDRANAGAR,R0,DHANUSHA BRANCH,SAGAR,FINADMIN,2024-07-26 21:29:22+00:00,Province 2,Madhesh 5,Madhesh Province,Mosaheb Karki
S6,2019-04-29T00:00:00.000000,RAMEC,RAMECHHAP,,S6,MANTHALI BRANCH,BAGMA,FINADMIN,2024-07-26 21:29:33+00:00,Province 3,Bagmati 9,Bagmati Province,Nippon Bhandari
S9,2019-06-07T00:00:00.000000,CHITW,CHITWAN,,S9,BHANDARA BRANCH,NARAY,FINADMIN,2024-07-26 21:29:33+00:00,Province 3,Bagmati 2,Bagmati Province,Rhythm Thapa
T0,2019-07-04T00:00:00.000000,RASUW,SYAFRUBESI BRANCH,,T0,SYAFRUBESI BRANCH,RASUW,FINADMIN,2024-07-26 21:29:33+00:00,Province 3,Bagmati 8,Bagmati Province,Nayan Maharjan
T1,2019-07-04T00:00:00.000000,ACHHA,ACHHAM,,T1,SANFEBAGAR BRANCH,ACHHA,FINADMIN,2024-07-26 21:29:33+00:00,Province 7,Dhangadhi,Sudurpaschim Province,Jawed Lama
S3,2019-03-14T00:00:00.000000,KATHM,RAMKOT BRANCH,,S3,RAMKOT BRANCH,BAGMA,FINADMIN,2024-07-26 21:29:33+00:00,Province 3,Bagmati 4,Bagmati Province,Manish Magar
S5,2019-04-29T00:00:00.000000,KATHM,BANIYATAR,,S5,BANIYATAR BRANCH,BAGMA,FINADMIN,2024-07-26 21:29:33+00:00,Province 3,Bagmati 4,Bagmati Province,Sherjung Poudel
T9,2019-07-11T00:00:00.000000,DAILE,DAILEKH,,T9,DAILEKH BRANCH,DAILE,FINADMIN,2024-07-26 21:29:33+00:00,Province 6,Surkhet,Karnali Province,Darkaji Karki
R5,2019-01-10T00:00:00.000000,KATHM,KILAGAL,,R5,KILAGAL BRANCH,BAGMA,FINADMIN,2024-07-26 21:29:33+00:00,Province 3,Bagmati 5,Bagmati Province,Ashutosha Karki
R3,2018-10-22T00:00:00.000000,DHANU,PIDARI,,R3,PIDARI CHOWK BRANCH,JANAK,FINADMIN,2024-07-26 21:29:33+00:00,Province 2,Madhesh 5,Madhesh Province,Ayodhya Gurung
R4,2018-10-22T00:00:00.000000,SUNSA,BUDDHA,,R4,BUDDHACHOWK-DHARAN BRANCH,KOSHI,FINADMIN,2024-07-26 21:29:33+00:00,Province 1,Koshi 5,Koshi Province,Amun Magar
U0,2019-08-21T00:00:00.000000,KATHM,ANAMNAGAR,,U0,ANAMNAGAR BRANCH,KATHM,FINADMIN,2024-07-26 21:29:37+00:00,Province 3,Bagmati 8,Bagmati Province,Byapak Rana
V2,2019-10-19T00:00:00.000000,KATHM,DHUNGEDHARA NURSERY CHOWK KATHMANDU,,V2,DHUNGEDHARA NURSERY CHOWK BRCH,KATHM,FINADMIN,2024-07-26 21:29:47+00:00,Province 3,Bagmati 7,Bagmati Province,Bolbam Regmi
U3,2019-09-21T00:00:00.000000,KATHM,NAREPHAT KATHMANDU,,U3,NAREPHAT BRANCH,KATHM,FINADMIN,2024-07-26 21:29:47+00:00,Province 3,Bagmati 4,Bagmati Province,Nischal Maharjan
W2,2020-02-13T00:00:00.000000,PARSA,JEERABHAWANI BRANCH PARSA,,W2,JEERABHAWANI BRANCH,PARSA,FINADMIN,2024-07-26 21:29:47+00:00,Province 2,Madhesh 1,Madhesh Province,Bipik Khadka
U4,2019-09-21T00:00:00.000000,KATHM,MID BANESHWOR KATHMANDU,,U4,MID BANESHWOR BRANCH,KATHM,FINADMIN,2024-07-26 21:29:47+00:00,Province 3,Bagmati 7,Bagmati Province,Sauraab Neupane
U5,2019-09-22T00:00:00.000000,KATHM,MACHHAPOKHARI  KATHMANDU,,U5,MACHHAPOKHARI BRANCH,KATHM,FINADMIN,2024-07-26 21:29:47+00:00,Province 3,Bagmati 3,Bagmati Province,Dave Khadka
U8,2019-09-21T00:00:00.000000,LALIT,SANEPA LALITPUR,,U8,SANEPA BRANCH,LALIT,FINADMIN,2024-07-26 21:29:47+00:00,Province 3,Bagmati 8,Bagmati Province,Chiranjivi Adhikari
V6,2019-12-20T00:00:00.000000,JANTY,DHANUSHADHAM JANAKPUR,,V6,DHANUSHADHAM BRANCH,JANAK,FINADMIN,2024-07-26 21:29:47+00:00,Province 2,Madhesh 5,Madhesh Province,Preetam Sharma
W9,2020-05-13T00:00:00.000000,KAPIL,MAHARAJGUNJ KAPILVASTU,,W9,MAHARAJGUNJ KAPILVASTU,KAPIL,FINADMIN,2024-07-26 21:29:48+00:00,Province 5,Lumbini 2,Lumbini Province,Biswananda Tamang
V3,2019-10-19T00:00:00.000000,KATHM,KHASIBAZAR KALANKI KATHMANDU,,V3,KHASIBAZAR KALANKI BRANCH,KATHM,FINADMIN,2024-07-26 21:29:48+00:00,Province 3,Bagmati 6,Bagmati Province,Firoz Neupane
W4,2020-05-13T00:00:00.000000,BIRAT,GRAMTHAN GAUPALIKA,,W4,GRAMTHAN GAUPALIKA,MORAN,FINADMIN,2024-07-26 21:29:48+00:00,Province 1,Koshi 2,Koshi Province,Kshiteej Limbu
X2,2020-11-24T00:00:00.000000,BARD,MITHILA BRANCH BARDIBAS,,X2,MITHILA BRANCH,JANAK,FINADMIN,2024-07-26 21:29:51+00:00,Province 2,Madhesh 5,Madhesh Province,Bikas Yadav
X4,2020-12-09T00:00:00.000000,GORKH,PALUNGTAR 05 GORKHA,,X4,PALUNGTAR BRANCH,GORKH,FINADMIN,2024-07-26 21:30:02+00:00,Province 4,Gandaki 3,Gandaki Province,Manbahadur Timalsina
Z6,2021-04-22T00:00:00.000000,,KHOKANA BRANCH,,Z6,KHOKANA BRANCH,LALIT,FINADMIN,2024-07-26 21:30:02+00:00,Province 3,Bagmati 6,Bagmati Province,Avip Maharjan
X9,2021-01-05T00:00:00.000000,KATHM,MITRAPARK,,X9,MITRAPARK BRANCH,BAGMA,FINADMIN,2024-07-26 21:30:02+00:00,Province 3,Bagmati 4,Bagmati Province,Chiranjaibi Lama
X3,2020-11-24T00:00:00.000000,RUPAN,SHANTICHOWK BRANCH RUPANDEHI,,X3,SHANTICHOWK BRANCH,RUPAN,FINADMIN,2024-07-26 21:30:02+00:00,Province 5,Lumbini 3,Lumbini Province,Nihal Adhikari
Z8,2021-04-22T00:00:00.000000,,NEUPANEGAUN BRANCH,,Z8,NEUPANEGAUN BRANCH,BHAKT,FINADMIN,2024-07-26 21:30:02+00:00,Province 3,Bagmati 4,Bagmati Province,Johnson Thapa
Y3,2021-02-24T00:00:00.000000,SUNSA,BARJU GANPALIKA,WARD NO. 05,Y3,BARJU BRANCH,SUNSA,FINADMIN,2024-07-26 21:30:02+00:00,Province 1,Koshi 1,Koshi Province,Ghanendra Limbu
Y8,2021-02-24T00:00:00.000000,KAVRE,"PANAUTI MUNICIPALITY, WARD NO. 06","PANAUTI,KAVRE",Y8,PANAUTI BRANCH,KAVRE,FINADMIN,2024-07-26 21:30:02+00:00,Province 3,Bagmati 9,Bagmati Province,Shalom Yadav
Y9,2021-02-24T00:00:00.000000,BAGLU,"BENI-07,MYAGDI",WARIBENI,Y9,BENI MYAGDI BRANCH,BAGLU,FINADMIN,2024-07-26 21:30:02+00:00,Province 4,Gandaki 2,Gandaki Province,Dipeshwar Acharya
Y4,2021-02-24T00:00:00.000000,SUNSA,HILE,DHARAN,Y4,MAHALAXMI BRANCH,SUNSA,FINADMIN,2024-07-26 21:30:02+00:00,Province 1,Koshi 6,Koshi Province,Dileep Gurung
Y5,2021-02-24T00:00:00.000000,BIRGU,KALAIYA,BIRGUNJ,Y5,MAHAGADHIMAI BRANCH,PARSA,FINADMIN,2024-07-26 21:30:02+00:00,Province 2,Madhesh 1,Madhesh Province,Tupesh Dahal
Z1,2021-02-24T00:00:00.000000,DEVIN,"SIYARI GAUNPALIKA, WARD NO. 03",RUPANDEHI,Z1,SIYARI BRANCH,RUPAN,FINADMIN,2024-07-26 21:30:02+00:00,Province 5,Lumbini 1,Lumbini Province,Padmadeep Khadka
Z2,2021-02-24T00:00:00.000000,DANG,"GADAWA GAUNPALIKA, WARD NO. 06","GADAWA, DANG",Z2,GADAWA BRANCH,DANG,FINADMIN,2024-07-26 21:30:02+00:00,Province 5,Lumbini 6,Lumbini Province,Dristant Khadka
30,2013-06-06T00:00:00.000000,KATHM,NEW ROAD- BISHAL BAZAR,,30,NEW ROAD - BISHAL BAZAR BRANCH,BAGMA,FINADMIN,2024-07-26 21:27:26+00:00,Province 3,Bagmati 1,Bagmati Province,Talaz Magar
09,2008-09-21T00:00:00.000000,BIRTA,BIRTAMOD,,09,BIRTAMOD BRANCH,MECHI,FINADMIN,2024-07-26 21:27:26+00:00,Province 1,Koshi 3,Koshi Province,Prithivi Dahal
12,2009-03-02T00:00:00.000000,BHAKT,BHAKTAPUR,,12,BODE BRANCH,BAGMA,FINADMIN,2024-07-26 21:27:26+00:00,Province 3,Bagmati 4,Bagmati Province,Srijeet Neupane
03,2008-05-25T00:00:00.000000,LALIT,JAWALAKHEL,,03,JAWALAKHEL BRANCH,BAGMA,FINADMIN,2024-07-26 21:27:26+00:00,Province 3,Bagmati 8,Bagmati Province,Nirvan Khadka
19,2009-05-25T00:00:00.000000,KATHM,BAGBAZAAR  BRANCH,KATHMANDU,19,BAGBAZAAR BRANCH,BAGMA,FINADMIN,2024-07-26 21:27:26+00:00,Province 3,Bagmati 1,Bagmati Province,Shiva Magar
23,2010-02-07T00:00:00.000000,DHARA,DHARAN,,23,DHARAN BRANCH,KOSHI,FINADMIN,2024-07-26 21:27:26+00:00,Province 1,Koshi 5,Koshi Province,Poojan Tamang
24,2010-03-07T00:00:00.000000,MAHEN,MAHENDRANAGAR,,24,MAHENDRANAGAR BRANCH,MAHAK,FINADMIN,2024-07-26 21:27:26+00:00,Province 7,Dhangadhi,Sudurpaschim Province,Aavaas Limbu
25,2010-03-07T00:00:00.000000,DHANG,DHANGADI,,25,DHANGADI BRANCH,SAGAR,FINADMIN,2024-07-26 21:27:26+00:00,Province 7,Dhangadhi,Sudurpaschim Province,Duman Bhandari
02,2008-01-29T00:00:00.000000,BIRAT,MAIN ROAD,BIRATNAGAR,02,BIRATNAGAR BRANCH,KOSHI,FINADMIN,2024-07-26 21:27:26+00:00,Province 1,Koshi 1,Koshi Province,Smit Thakuri
53,2013-06-06T00:00:00.000000,NUWAK,NUWAKOT,,53,PANCHAKANYA BRANCH,BAGMA,FINADMIN,2024-07-26 21:27:40+00:00,Province 3,Bagmati 8,Bagmati Province,Poshan Bhattarai
57,2014-06-01T00:00:00.000000,DAMAU,VYASH MUNICIPALITY#10,"MAHARSI CHOWK, DAMAULI",57,DAMAULI BRANCH,GANDA,FINADMIN,2024-07-26 21:27:40+00:00,Province 4,Gandaki 3,Gandaki Province,Durlabh Limbu
59,2014-06-01T00:00:00.000000,KOHAL,"KOHALPUR VDC#3, BANKE",,59,KOHALPUR BRANCH,BHERI,FINADMIN,2024-07-26 21:27:40+00:00,Province 5,Lumbini 6,Lumbini Province,Chumakanta Adhikari
32,2013-06-06T00:00:00.000000,KATHM,KAMALADI,,32,KAMALADI BRANCH,BAGMA,FINADMIN,2024-07-26 21:27:40+00:00,Province 3,Bagmati 1,Bagmati Province,Bhavindra Lama
36,2013-06-06T00:00:00.000000,LAHAN,LAHAN,,36,LAHAN BRANCH,SAGAR,FINADMIN,2024-07-26 21:27:40+00:00,Province 2,Madhesh 6,Madhesh Province,Shirish Karki
39,2013-06-06T00:00:00.000000,KATHM,KIRTIPUR,,39,KIRTIPUR BRANCH,BAGMA,FINADMIN,2024-07-26 21:27:40+00:00,Province 3,Bagmati 6,Bagmati Province,Shrikumar Tamang
40,2013-06-06T00:00:00.000000,GAIGH,GAIGHAT,,40,GAIGHAT BRANCH,SAGAR,FINADMIN,2024-07-26 21:27:40+00:00,Province 1,Koshi 5,Koshi Province,Nawraj Yadav
41,2013-06-06T00:00:00.000000,LALIT,SATDOBATO,,41,SATDOBATO BRANCH,BAGMA,FINADMIN,2024-07-26 21:27:40+00:00,Province 3,Bagmati 8,Bagmati Province,Prakhal Yadav
43,2013-06-06T00:00:00.000000,KATHM,TEKU,,43,TEKU BRANCH,BAGMA,FINADMIN,2024-07-26 21:27:40+00:00,Province 3,Bagmati 5,Bagmati Province,Posraj Limbu
44,2013-06-06T00:00:00.000000,KATHM,PEPSICOLA,,44,PEPSICOLA BRANCH,BAGMA,FINADMIN,2024-07-26 21:27:40+00:00,Province 3,Bagmati 4,Bagmati Province,Sunanda Magar
45,2013-06-06T00:00:00.000000,HARIW,HARIWAN,,45,HARIWAN BRANCH,JANAK,FINADMIN,2024-07-26 21:27:40+00:00,Province 2,Madhesh 4,Madhesh Province,Suk Limbu
82,2017-02-23T00:00:00.000000,MANMA,MANMA KALIKOT,MANMA,82,KALIKOT BRANCH,KALIK,FINADMIN,2024-07-26 21:27:54+00:00,Province 6,Surkhet,Karnali Province,Pushp Bhandari
83,2017-03-13T00:00:00.000000,BARDA,BARDAGHAT MUNICIPAL-4,BARDAGHAT NAWALPARASI,83,BARDAGHAT BRANCH,NAWAL,FINADMIN,2024-07-26 21:27:54+00:00,Province 5,Lumbini 5,Lumbini Province,Arati Bhandari
88,2017-03-14T00:00:00.000000,DHANK,DHANKUTA MUNICIPALITY,1-HILE DHANKUTA,88,HILE BRANCH,KOSHI,FINADMIN,2024-07-26 21:27:54+00:00,Province 1,Koshi 6,Koshi Province,Kshetraphal Neupane
89,2017-03-14T00:00:00.000000,SUNSA,RAMDHUNI BHASI MUNICIP,5-JHUMKA SUNSARI,89,JHUMKA BRANCH,KOSHI,FINADMIN,2024-07-26 21:27:54+00:00,Province 1,Koshi 2,Koshi Province,Sovas Shrestha
75,2016-10-18T00:00:00.000000,KASKI,BIRAUTA -17,POKHARA SUB METRO CITY,75,BIRAUTA BRANCH,GANDA,FINADMIN,2024-07-26 21:27:54+00:00,Province 4,Gandaki 1,Gandaki Province,Sachitanand Shrestha
63,2014-06-08T00:00:00.000000,KATHM,LAZIMPAT,,63,LAZIMPAT,BAGMA,FINADMIN,2024-07-26 21:27:54+00:00,Province 3,Bagmati 5,Bagmati Province,Bajrangi Sharma
70,2016-09-12T00:00:00.000000,NUWAK,BIDUR MUNCIPALITY,BATTAR,70,BATTAR,BAGMA,FINADMIN,2024-07-26 21:27:54+00:00,Province 3,Bagmati 8,Bagmati Province,Dorkaji Poudel
71,2016-09-12T00:00:00.000000,KAILA,ATTARIYA MUNCIPALITY-4,MAHENDRANAGAR ROAD,71,ATTARIYA,SETI,FINADMIN,2024-07-26 21:27:54+00:00,Province 7,Dhangadhi,Sudurpaschim Province,Sarveshwar Pandey
96,2017-03-31T00:00:00.000000,BHUMA,SUNWAL MUNCIPALITY 12,BHUMAHI NAWALPARASI,96,BHUMAHI BRANCH,LUMBI,FINADMIN,2024-07-26 21:28:08+00:00,Province 5,Lumbini 5,Lumbini Province,Yusna Magar
95,2017-03-31T00:00:00.000000,BAUNI,BARDAGORIYA GAUNPALIKA,2 BAUNIYA KAILALI,95,BAUNIYA BRANCH,SETI,FINADMIN,2024-07-26 21:28:08+00:00,Province 7,Dhangadhi,Sudurpaschim Province,Samya Maharjan
A5,2017-04-02T00:00:00.000000,MANIG,TILOTTAMA MUNICIPALITY,4 MANIGRAM RUPANDEHI,A5,MANIGRAM BRANCH,LUMBI,FINADMIN,2024-07-26 21:28:08+00:00,Province 5,Lumbini 1,Lumbini Province,Hina Thapa
98,2017-03-31T00:00:00.000000,CHITW,KHIRAHANI MUNICIPALITY,8 PARSA CHITWAN,98,PARSA BRANCH,NARAY,FINADMIN,2024-07-26 21:28:08+00:00,Province 3,Bagmati 2,Bagmati Province,Sampanna Maharjan
B7,2017-06-14T00:00:00.000000,OKHAL,SIDHICHARAN MUNCI-12,OKHALDUNGA,B7,OKHALDUNGA BRANCH,SAGAR,FINADMIN,2024-07-26 21:28:09+00:00,Province 1,Koshi 5,Koshi Province,Divyamani Bhattarai
B0,2017-05-05T00:00:00.000000,RUDRA,RUDRAPUR GAUPALIKA 3,RUDRAPUR RUPANDEHI,B0,RUDRAPUR BRANCH,LUMBI,FINADMIN,2024-07-26 21:28:09+00:00,Province 5,Lumbini 3,Lumbini Province,Rajjan Dahal
A8,2017-04-28T00:00:00.000000,DUHAB,DUHABI MUNICIPLAITY-3,DUHABI SUNSARI,A8,DUHABI BRANCH,KOSHI,FINADMIN,2024-07-26 21:28:09+00:00,Province 1,Koshi 1,Koshi Province,Krishal Dahal
97,2017-03-31T00:00:00.000000,BANSG,BANSGADHI MUNICIPALITY,5 BANSGADHI BARDIYA,97,BANSGADHI BRANCH,BHERI,FINADMIN,2024-07-26 21:28:09+00:00,Province 5,Lumbini 6,Lumbini Province,Barkha Thapa
94,2017-03-31T00:00:00.000000,DHAAI,OMSATIYA GAUNPALIKA 4,DHAKDHAHI RUPANDEHI,94,DHAKDHAHI BRANCH,LUMBI,FINADMIN,2024-07-26 21:28:09+00:00,Province 5,Lumbini 1,Lumbini Province,Kedil Adhikari
A0,2017-04-02T00:00:00.000000,POKHA,NEWROAD POKHARA MUN-8,NEWROAD POKHARA,A0,NEWROAD POKHARA,GANDA,FINADMIN,2024-07-26 21:28:09+00:00,Province 4,Gandaki 1,Gandaki Province,Rajeen Limbu
B9,2017-06-20T00:00:00.000000,RUKUM,RUKUM,,B9,RUKUM BRANCH,RAPTI,FINADMIN,2024-07-26 21:28:09+00:00,Province 6,Surkhet,Karnali Province,Shiwasreet Yadav
B2,2017-05-31T00:00:00.000000,BARDI,BARABARDIYA MUNCITY-6,BARDIYA,B2,MAGRAGADHI BRANCH,BHERI,FINADMIN,2024-07-26 21:28:09+00:00,Province 5,Lumbini 6,Lumbini Province,Kasindra Limbu
A7,2017-04-24T00:00:00.000000,BHIAD,BHIMAD MUNCIPALITY 6,BHIAMD TANAHU,A7,BHIMAD BRANCH,GANDA,FINADMIN,2024-07-26 21:28:09+00:00,Province 4,Gandaki 3,Gandaki Province,Rocky Bhandari
A9,2017-04-28T00:00:00.000000,SALJH,SAINAMAINA MUNCIPALITY,10 SALHANDI RUPANDEHI,A9,SALJHANDI BRANCH,LUMBI,FINADMIN,2024-07-26 21:28:09+00:00,Province 5,Lumbini 2,Lumbini Province,Khuman Karki
B1,2017-05-31T00:00:00.000000,BANKE,KHAJURA GAUPALIKA-3,BANKE,B1,KHAJURA BRANCH,BHERI,FINADMIN,2024-07-26 21:28:09+00:00,Province 5,Lumbini 6,Lumbini Province,Samriddha Timalsina
C2,2017-07-12T00:00:00.000000,DOLAK,CHARIKOT,,C2,CHARIKOT BRANCH,JANAK,FINADMIN,2024-07-26 21:28:12+00:00,Province 3,Bagmati 9,Bagmati Province,Aatma Thapa
C4,2017-09-11T00:00:00.000000,RAUTA,CHANDRAPUR MUNICI WARD,NO-1 RAUTAHAT,C4,CHANDRANIGAHAPUR BRANCH,NARAY,FINADMIN,2024-07-26 21:28:22+00:00,Province 2,Madhesh 2,Madhesh Province,Ramanuj Maharjan
C7,2017-09-11T00:00:00.000000,PYUTH,PYUTHAN MUNICI,WARD NO -4 PYUTHAN,C7,JUMRI BRANCH,BHERI,FINADMIN,2024-07-26 21:28:23+00:00,Province 5,Lumbini 6,Lumbini Province,Dip Limbu
D0,2017-09-12T00:00:00.000000,JHAPA,MECHINAGAR MUNICI,WARD NO -10 JHAPA,D0,KAKARVITTA BRANCH,MECHI,FINADMIN,2024-07-26 21:28:23+00:00,Province 1,Koshi 3,Koshi Province,Takdir Timalsina
E7,2017-11-06T00:00:00.000000,GORKH,GORKHA,,E7,GORKHA BRANCH,GANDA,FINADMIN,2024-07-26 21:28:23+00:00,Province 4,Gandaki 3,Gandaki Province,Yaju Rai
E9,2017-11-06T00:00:00.000000,NAWAL,NAWALPARASI,,E9,AMRAPURI BRANCH,LUMBI,FINADMIN,2024-07-26 21:28:23+00:00,Province 4,Gandaki 4,Gandaki Province,Kishore Tamang
D4,2017-10-06T00:00:00.000000,SIRAH,NARAHA GAUPALIKA,SIRAHA,D4,NARAHA BRANCH,SAGAR,FINADMIN,2024-07-26 21:28:23+00:00,Province 2,Madhesh 6,Madhesh Province,Dependra Pandey
D9,2017-10-06T00:00:00.000000,RAUTA,BANKUL BAZAR GAUPALIKA,RAUTAHAT,D9,BANKUL BAZAR BRANCH,NARAY,FINADMIN,2024-07-26 21:28:23+00:00,Province 2,Madhesh 5,Madhesh Province,Prasant Timalsina
E0,2017-10-06T00:00:00.000000,PARSA,LANGADI GAUPALIKA,PARSA,E0,LANGADI BRANCH,NARAY,FINADMIN,2024-07-26 21:28:23+00:00,Province 2,Madhesh 1,Madhesh Province,Parasmani Adhikari
E2,2017-10-06T00:00:00.000000,BARA,BHAGWANPUR GAUPALIKA,BARA,E2,BHAGWANPUR BRANCH,NARAY,FINADMIN,2024-07-26 21:28:23+00:00,Province 2,Madhesh 6,Madhesh Province,Shriram Adhikari
F2,2017-11-07T00:00:00.000000,RUPAN,SIDDHARTHNAGAR MUN.,WD-08,F2,BUDDHACHOWK BRANCH,LUMBI,FINADMIN,2024-07-26 21:28:26+00:00,Province 5,Lumbini 1,Lumbini Province,Nawnit Yadav
G5,2017-11-26T00:00:00.000000,KATH,TOKHA,KATMANDU,G5,TOKHA BRANCH,BAGMA,FINADMIN,2024-07-26 21:28:37+00:00,Province 3,Bagmati 3,Bagmati Province,Anindya Karki
G6,2017-11-26T00:00:00.000000,KATH,BHAISEPATI,,G6,BHAISEPATI BRANCH,BAGMA,FINADMIN,2024-07-26 21:28:37+00:00,Province 3,Bagmati 6,Bagmati Province,Raktim Thakuri
H1,2017-12-15T00:00:00.000000,KATH,PURANO THIMI,,H1,PURANO THIMI BRANCH,BAGMA,FINADMIN,2024-07-26 21:28:37+00:00,Province 3,Bagmati 4,Bagmati Province,Shahil Bhattarai
H2,2017-12-15T00:00:00.000000,KATH,SATUNGAL,,H2,SATUNGAL BRANCH,BAGMA,FINADMIN,2024-07-26 21:28:37+00:00,Province 3,Bagmati 7,Bagmati Province,Probin Karki
H7,2018-01-07T00:00:00.000000,LALIT,"MAHALAXMI MUNICIPALITY, WARD NO. 4, LALITPUR",,H7,MAHALAXMI LALITPUR BRANCH,BAGMA,FINADMIN,2024-07-26 21:28:37+00:00,Province 3,Bagmati 6,Bagmati Province,Yadab Dahal
H5,2018-01-05T00:00:00.000000,MAKWA,MANAHARI,,H5,MANAHARI BRANCH,NARAY,FINADMIN,2024-07-26 21:28:37+00:00,Province 3,Bagmati 2,Bagmati Province,Amarjeet Acharya
F4,2017-11-08T00:00:00.000000,NAWAL,BINAY TREVENI GAUPALI,WARD NO: 1,F4,DUMKIBAS BRANCH,LUMBI,FINADMIN,2024-07-26 21:28:37+00:00,Province 4,Gandaki 4,Gandaki Province,Orzoraj Maharjan
F7,2017-11-13T00:00:00.000000,RUPAN,RUPANDEHI,,F7,MURGIYA BRANCH,LUMBI,FINADMIN,2024-07-26 21:28:37+00:00,Province 5,Lumbini 2,Lumbini Province,Kaviraj Thakuri
G1,2017-11-13T00:00:00.000000,BARDI,BARDIYA,,G1,BHURIGAUN BRANCH,BHERI,FINADMIN,2024-07-26 21:28:37+00:00,Province 5,Lumbini 6,Lumbini Province,Jugesh Bhandari
G2,2017-11-26T00:00:00.000000,KATH,GOTHATAR,,G2,GOTHATAR BRANCH,BAGMA,FINADMIN,2024-07-26 21:28:37+00:00,Province 3,Bagmati 4,Bagmati Province,Ajib Thapa
G4,2017-11-26T00:00:00.000000,KATH,SITAPAILA,,G4,SITAPAILA BRANCH,BAGMA,FINADMIN,2024-07-26 21:28:37+00:00,Province 3,Bagmati 7,Bagmati Province,Aftab Poudel
G8,2017-12-14T00:00:00.000000,KATH,THALI,,G8,THALI BRANCH,BAGMA,FINADMIN,2024-07-26 21:28:37+00:00,Province 3,Bagmati 4,Bagmati Province,Bhumi Lama
I3,2018-01-09T00:00:00.000000,KATH,KHANIKHOLA,,I3,KHANIKHOLA BRANCH,BAGMA,FINADMIN,2024-07-26 21:28:51+00:00,Province 3,Bagmati 6,Bagmati Province,Tejendra Tamang
I7,2018-01-28T00:00:00.000000,RUPAN,RAMMANDIR BUTWAL,,I7,RAMMANDIR BUTWAL BRANCH,LUMBI,FINADMIN,2024-07-26 21:28:51+00:00,Province 5,Lumbini 4,Lumbini Province,Madan Thakuri
I9,2018-01-28T00:00:00.000000,RUPAN,RAJMARGACHAURAHA BUTWL,,I9,RAJMARGACHAURAHA BRANCH,LUMBI,FINADMIN,2024-07-26 21:28:51+00:00,Province 5,Lumbini 3,Lumbini Province,Prayag Dahal
K5,2018-03-29T00:00:00.000000,KATH,GALCHI,,K5,GALCHI BRANCH,DHADI,FINADMIN,2024-07-26 21:28:51+00:00,Province 3,Bagmati 8,Bagmati Province,Basista Sharma
I4,2018-01-09T00:00:00.000000,KATH,GAJURI,,I4,GAJURI BRANCH,BAGMA,FINADMIN,2024-07-26 21:28:51+00:00,Province 3,Bagmati 8,Bagmati Province,Prasad Karki
I6,2018-01-09T00:00:00.000000,DADEL,DADELDHURA,,I6,DADELDHURA BRANCH,SETI,FINADMIN,2024-07-26 21:28:51+00:00,Province 7,Dhangadhi,Sudurpaschim Province,Sougat Limbu
J8,2018-02-04T00:00:00.000000,LUMBI,LUMBINI,,J8,LUMBINI BRANCH,LUMBI,FINADMIN,2024-07-26 21:28:51+00:00,Province 5,Lumbini 1,Lumbini Province,Sarif Khadka
K4,2018-03-29T00:00:00.000000,JHAPA,SANISHARE,,K4,SANISHARE BRANCH,MECHI,FINADMIN,2024-07-26 21:28:51+00:00,Province 1,Koshi 3,Koshi Province,Anmol Magar
L2,2018-03-30T00:00:00.000000,DANG,SHISAHANIYA,,L2,SHISAHANIYA BRANCH,BHERI,FINADMIN,2024-07-26 21:28:54+00:00,Province 5,Lumbini 6,Lumbini Province,Ashisi Dahal
N8,2018-06-12T00:00:00.000000,SAPTA,RAJBIRAJ,,N8,RAJBIRAJ BRANCH,SAGAR,FINADMIN,2024-07-26 21:29:05+00:00,Province 2,Madhesh 6,Madhesh Province,Anshumalee Sharma
L3,2018-03-30T00:00:00.000000,JHAPA,GAURIGUNJ,,L3,GAURIGUNJ BAZAR BRANCH,MECHI,FINADMIN,2024-07-26 21:29:05+00:00,Province 1,Koshi 4,Koshi Province,Awiskar Dahal
L7,2018-04-26T00:00:00.000000,RAUTA,GUJARA NAGARPALIKA,,L7,GUJARA NAGARPALIKA BRANCH,NARAY,FINADMIN,2024-07-26 21:29:05+00:00,Province 2,Madhesh 2,Madhesh Province,Smith Bhandari
L5,2018-04-26T00:00:00.000000,BHOJP,RAMPRASAD RAI GAUPALIA,,L5,RAMPRASAD RAI GAUPALIKA BRANCH,KOSHI,FINADMIN,2024-07-26 21:29:05+00:00,Province 1,Koshi 6,Koshi Province,Agaman Yadav
L9,2018-04-26T00:00:00.000000,BANKE,DUDUWA GAUPALIKA,,L9,DUDUWA GAUPALIKA BRANCH,BHERI,FINADMIN,2024-07-26 21:29:05+00:00,Province 5,Lumbini 6,Lumbini Province,Sharwan Yadav
M4,2018-04-27T00:00:00.000000,MORAN,LETANG,,M4,LETANG BRANCH,KOSHI,FINADMIN,2024-07-26 21:29:05+00:00,Province 1,Koshi 4,Koshi Province,Susmriti Gurung
M5,2019-01-13T00:00:00.000000,KATHM,SHANKHAMUL,,M5,SHANKHAMUL BRANCH,BAGMA,FINADMIN,2024-07-26 21:29:05+00:00,Province 3,Bagmati 7,Bagmati Province,Jibakant Pandey
M6,2018-04-27T00:00:00.000000,MORAN,BALIYA,,M6,BALIYA BRANCH,KOSHI,FINADMIN,2024-07-26 21:29:05+00:00,Province 1,Koshi 2,Koshi Province,Khoma Tamang
M8,2018-04-27T00:00:00.000000,SANKH,MANEBHANJYANG,,M8,MANEBHANJYANG BRANCH,KOSHI,FINADMIN,2024-07-26 21:29:05+00:00,Province 1,Koshi 6,Koshi Province,Ruchika Timalsina
O2,2018-07-12T00:00:00.000000,JANAK,LALBANDI,,O2,LALBANDI BRANCH,JANAK,FINADMIN,2024-07-26 21:29:08+00:00,Province 2,Madhesh 3,Madhesh Province,Gobardhan Yadav
Q3,2018-10-10T00:00:00.000000,PARSA,LINKROAD,,Q3,LINKROAD BRANCH,NARAY,FINADMIN,2024-07-26 21:29:19+00:00,Province 2,Madhesh 1,Madhesh Province,Bishrant Sharma
P8,2018-10-07T00:00:00.000000,BAGAR,POKHARA LEKHNATH METRO,CITY 01 BAGAR KASKI,P8,BAGAR BRANCH,KASKI,FINADMIN,2024-07-26 21:29:19+00:00,Province 4,Gandaki 2,Gandaki Province,Ijhar Regmi
Q1,2018-09-16T00:00:00.000000,KASKI,POWERHOUSE CHOWK,,Q1,POWERHOUSE CHOWK-KASKI BRANCH,DHAUL,FINADMIN,2024-07-26 21:29:19+00:00,Province 4,Gandaki 3,Gandaki Province,Sarvendra Regmi
P3,2018-07-13T00:00:00.000000,DHARA,DHANKUTA,,P3,DHANKUTA BRANCH,KOSHI,FINADMIN,2024-07-26 21:29:19+00:00,Province 1,Koshi 6,Koshi Province,David Regmi
P2,2018-07-13T00:00:00.000000,POKHA,HAAT KHOLA,,P2,HAAT KHOLA BRANCH,KOSHI,FINADMIN,2024-07-26 21:29:19+00:00,Province 1,Koshi 1,Koshi Province,Thagendra Bhattarai
O7,2018-07-12T00:00:00.000000,MECHI,PHALGUNANDA,,O7,PHALGUNANDA CHOWK,MECHI,FINADMIN,2024-07-26 21:29:19+00:00,Province 1,Koshi 4,Koshi Province,Achalshail Rai
O6,2018-07-12T00:00:00.000000,MECHI,BIRTA BAZAR,,O6,BIRTA BAZAR BRANCH,MECHI,FINADMIN,2024-07-26 21:29:19+00:00,Province 1,Koshi 3,Koshi Province,Abhishes Gurung
P0,2018-07-13T00:00:00.000000,KATH,SORHAKHUTTE,,P0,SORHAKHUTTE BRANCH,BAGMA,FINADMIN,2024-07-26 21:29:19+00:00,Province 3,Bagmati 5,Bagmati Province,Newton Thakuri
Q0,2018-10-07T00:00:00.000000,POKHA,POKHARA LEKHNATH METRO,CITY 05 PARSYANG KASKI,Q0,PARSYANG BRANCH,KASKI,FINADMIN,2024-07-26 21:29:19+00:00,Province 4,Gandaki 2,Gandaki Province,Shayam Karki
Q6,2018-10-09T00:00:00.000000,CHITW,BHARATPUR METRO CITY,WD 18 CHANAULI CHITWAN,Q6,CHANAULI BRANCH,NARAY,FINADMIN,2024-07-26 21:29:19+00:00,Province 3,Bagmati 2,Bagmati Province,Yoman Bhattarai
T4,2019-07-13T00:00:00.000000,RUKUM,RUKUMKOT,,T4,RUKUMKOT BRANCH,RUKUM,FINADMIN,2024-07-26 21:29:33+00:00,Province 5,Lumbini 6,Lumbini Province,Nilav Maharjan
R6,2019-01-10T00:00:00.000000,KATHM,KULESHWOR,,R6,KULESHWOR BRANCH,BAGMA,FINADMIN,2024-07-26 21:29:33+00:00,Province 3,Bagmati 5,Bagmati Province,Sudip Gurung
R8,2019-01-10T00:00:00.000000,KATHM,BALUWATAR KATHMANDU,,R8,BALUWATAR BRANCH,BAGMA,FINADMIN,2024-07-26 21:29:33+00:00,Province 3,Bagmati 5,Bagmati Province,Parikshit Rai
S4,2019-03-14T00:00:00.000000,KATHM,RADHE RADHE BRANCH,,S4,RADHE RADHE BRANCH,BAGMA,FINADMIN,2024-07-26 21:29:33+00:00,Province 3,Bagmati 4,Bagmati Province,Preeshan Sharma
S8,2019-04-29T00:00:00.000000,LALIT,LALITPUR,,S8,CHAPAGAUN BRANCH,BAGMA,FINADMIN,2024-07-26 21:29:33+00:00,Province 3,Bagmati 8,Bagmati Province,Shanti Tamang
T3,2019-07-11T00:00:00.000000,MAHEN,DODHARA CHANDANI BRANCH,,T3,DODHARA CHANDANI BRANCH,MAHAK,FINADMIN,2024-07-26 21:29:33+00:00,Province 7,Dhangadhi,Sudurpaschim Province,Arhant Khadka
T6,2019-07-13T00:00:00.000000,SALRI,SALLERI,,T6,SALLERI BRANCH,SOLUK,FINADMIN,2024-07-26 21:29:33+00:00,Province 1,Koshi 5,Koshi Province,Nyaupanem Bhattarai
R9,2019-01-10T00:00:00.000000,KATHM,BHOTAHITI KATHMANDU,,R9,BHOTAHITI BRANCH,BAGMA,FINADMIN,2024-07-26 21:29:33+00:00,Province 3,Bagmati 5,Bagmati Province,Devnath Khadka
R7,2019-01-10T00:00:00.000000,KATHM,SINAMANGAL KATHMANDU,,R7,SINAMANGAL BRANCH,BAGMA,FINADMIN,2024-07-26 21:29:33+00:00,Province 3,Bagmati 7,Bagmati Province,Sumeru Timalsina
U7,2019-09-22T00:00:00.000000,KATHM,BOHARATAR KATHMANDU,,U7,BOHARATAR BRANCH,KATHM,FINADMIN,2024-07-26 21:29:47+00:00,Province 3,Bagmati 4,Bagmati Province,Swochhal Adhikari
V1,2019-10-19T00:00:00.000000,KATHM,PUTALISADAK KATHMANDU,,V1,PUTALISADAK BRANCH,KATHM,FINADMIN,2024-07-26 21:29:47+00:00,Province 3,Bagmati 1,Bagmati Province,Jigyasha Regmi
W3,2020-05-13T00:00:00.000000,,TANKISINWARI BRANCH,,W3,TANKISINWARI BRANCH,MORAN,FINADMIN,2024-07-26 21:29:47+00:00,Province 1,Koshi 1,Koshi Province,Aaisha Gurung
V7,2020-02-13T00:00:00.000000,KATHM,DAKHSHINKALI MUNICIPALITY WARD NO 05 KTM,PHARPING,V7,PHARPING BRANCH,KATHM,FINADMIN,2024-07-26 21:29:47+00:00,Province 3,Bagmati 6,Bagmati Province,Subhay Bhandari
W8,2020-05-13T00:00:00.000000,RUPAN,GAIDAHAWA RUPANDEHI,,W8,GAIDAHAWA RUPANDEHI,RUPAN,FINADMIN,2024-07-26 21:29:48+00:00,Province 5,Lumbini 3,Lumbini Province,Aashitosh Acharya
W5,2020-05-13T00:00:00.000000,SUNSA,DEWANGUNJ GAUPAILKA,DEWANGUNJ GAUPAILKA,W5,DEWANGUNJ GAUPAILKA,SUNSA,FINADMIN,2024-07-26 21:29:48+00:00,Province 1,Koshi 1,Koshi Province,Adit Khadka
V4,2019-10-19T00:00:00.000000,LALIT,MANGALBAZAR LALITPUR,,V4,MANGALBAZAR BRANCH,LALIT,FINADMIN,2024-07-26 21:29:48+00:00,Province 3,Bagmati 8,Bagmati Province,Shreejung Tamang
W0,2020-02-13T00:00:00.000000,KATHM,BOUDHA TINCHULI KATHMANDU,,W0,TINCHULI BRANCH,KATHM,FINADMIN,2024-07-26 21:29:48+00:00,Province 3,Bagmati 3,Bagmati Province,Ajar Acharya
V8,2020-02-13T00:00:00.000000,KATHM,KIRTIPUR MUNICIPALITY WARD NO 02 KATHMANDU,TYANGLAPHAT,V8,TYANGLAPHAT BRANCH,KATHM,FINADMIN,2024-07-26 21:29:48+00:00,Province 3,Bagmati 6,Bagmati Province,Lalita Sharma
X1,2020-11-24T00:00:00.000000,NIJGA,KOLABHI BRANCH BARA,,X1,KOLABHI BRANCH,BARA,FINADMIN,2024-07-26 21:29:51+00:00,Province 2,Madhesh 2,Madhesh Province,Abhishesh Acharya
X0,2020-10-08T00:00:00.000000,DHANK,PAKHRIBAS DHANKUTTA,,X0,PAKHRIBAS BRANCH,DHANK,FINADMIN,2024-07-26 21:29:51+00:00,Province 1,Koshi 6,Koshi Province,Prashanga Yadav
X6,2020-12-09T00:00:00.000000,RUPAN,SHREE SHANKAR DURGADATTA MA VI  SHANKARNAGA,,X6,BANBATIKA BRANCH,RUPAN,FINADMIN,2024-07-26 21:30:02+00:00,Province 5,Lumbini 3,Lumbini Province,Jupiter Timalsina
X8,2021-01-05T00:00:00.000000,KATHM,SANKHU,,X8,SANKHU BRANCH,BAGMA,FINADMIN,2024-07-26 21:30:02+00:00,Province 3,Bagmati 4,Bagmati Province,Mohdasif Regmi
Y0,2021-01-05T00:00:00.000000,KATHM,CHALNAKHEL,,Y0,CHALNAKHEL BRANCH,BAGMA,FINADMIN,2024-07-26 21:30:02+00:00,Province 3,Bagmati 6,Bagmati Province,Madhuresh Bhandari
Y1,2021-01-05T00:00:00.000000,KATHM,DHAPASI,,Y1,DHAPASI BRANCH,BAGMA,FINADMIN,2024-07-26 21:30:02+00:00,Province 3,Bagmati 3,Bagmati Province,Sourav Regmi
Z4,2021-02-24T00:00:00.000000,KAILA,"CHAUMALA, GAURIGANGA NAGARPALIKA",KAILALI,Z4,CHAUMALA BRANCH,KAILA,FINADMIN,2024-07-26 21:30:02+00:00,Province 7,Dhangadhi,Sudurpaschim Province,Shahrukh Sharma
Z0,2021-02-24T00:00:00.000000,BHAIR,"SIDDHARTHANAGAR MUNICIPALITY, WARD NO. 13",BHAIRAHAWA,Z0,DEVKOTA CHOWK BRANCH,RUPAN,FINADMIN,2024-07-26 21:30:02+00:00,Province 5,Lumbini 1,Lumbini Province,Shuvashna Neupane
Z3,2021-02-24T00:00:00.000000,DEVIN,"KRISHNANAGAR MUNICIPALITY, WARD NO. 08","BAHADURGUNJ, KAPILVASTU",Z3,BAHADURGUNJ BRANCH,KAPIL,FINADMIN,2024-07-26 21:30:02+00:00,Province 5,Lumbini 2,Lumbini Province,Parajwal Adhikari
Y6,2021-02-24T00:00:00.000000,JANAK,SABAILA MUNICIPALITY,"WARD NO. 03,JANAKPUR",Y6,SABAILA BRANCH,DHANU,FINADMIN,2024-07-26 21:30:02+00:00,Province 2,Madhesh 5,Madhesh Province,Binup Neupane
Z9,2021-04-22T00:00:00.000000,,TAMNAGAR BRANCH,,Z9,TAMNAGAR BRANCH,RUPAN,FINADMIN,2024-07-26 21:30:02+00:00,Province 5,Lumbini 4,Lumbini Province,Gobinda Shrestha
